,joy,sadness,disgust,contempt,anger,fear,surprise,valence,engagement,smile,innerBrowRaise,browRaise,browFurrow,noseWrinkle,upperLipRaise,lipCornerDepressor,chinRaise,lipPucker,lipPress,lipSuck,mouthOpen,smirk,eyeClosure,attention,lidTighten,jawDrop,dimpler,eyeWiden,cheekRaise,lipStretch,pain
0,100,0,0,0,0,0,1,91,100,99,0,1,0,1,14,0,2,0,0,0,38,0,0,92,0,1,0,0,1,5,0
1,5,0,0,0,0,0,0,42,100,87,0,0,100,21,0,0,0,0,7,1,8,12,0,94,10,0,0,0,1,1,1
2,0,0,0,0,0,0,0,0,0,0,0,3,1,0,0,0,0,0,0,0,0,0,0,96,0,0,0,0,0,0,0
3,100,0,0,0,0,0,2,47,100,100,0,0,0,5,72,0,5,0,32,0,96,0,6,99,0,1,0,0,87,0,0
4,0,0,0,0,0,0,1,-21,3,0,60,17,0,0,0,0,0,25,11,34,0,0,0,70,0,0,15,0,0,3,0
5,0,0,0,98,0,0,0,-19,48,0,0,11,0,0,0,0,3,8,88,7,0,94,0,97,0,0,13,12,0,0,0
6,87,0,0,0,0,0,0,74,99,81,0,0,24,0,0,0,4,0,1,0,61,0,0,42,0,2,1,0,8,0,1
7,0,0,35,0,0,0,0,-54,40,0,0,0,0,52,0,42,5,3,8,0,7,0,0,64,0,1,1,0,0,0,1
8,0,45,99,0,43,0,0,-14,100,24,45,0,100,84,0,0,0,0,8,0,20,1,42,93,100,0,0,0,100,47,1
9,0,0,0,0,0,0,0,0,0,0,0,0,0,0,0,0,0,0,0,0,0,0,0,4,0,0,0,0,0,0,0
10,0,18,7,0,0,0,0,-26,98,0,87,1,18,3,0,0,2,0,8,0,5,0,0,99,0,0,2,0,0,0,1
11,0,0,0,0,0,0,20,0,68,2,0,85,0,0,1,0,0,25,1,0,5,0,0,82,0,5,0,38,0,0,0
12,67,0,91,0,13,0,0,0,100,100,22,0,100,85,45,22,94,0,16,5,100,0,0,92,97,98,0,0,18,0,1
13,0,0,0,0,0,0,0,-38,46,0,1,0,0,0,0,0,0,0,98,56,0,0,0,88,0,0,79,0,0,0,0
14,0,0,3,0,0,0,27,-30,74,0,0,15,0,0,0,56,0,1,0,0,100,0,0,95,0,100,0,1,0,0,0
15,0,0,0,0,0,0,32,-12,84,0,25,98,0,0,0,25,0,21,0,0,0,0,0,85,0,4,0,0,3,0,0
16,0,0,84,0,0,0,0,-36,34,9,0,0,35,84,0,0,0,0,0,0,7,0,0,93,35,0,0,0,0,0,1
17,0,98,1,1,0,0,0,-100,99,0,72,0,70,9,0,100,0,1,0,1,1,0,0,98,0,0,0,0,0,0,1
18,0,0,0,0,0,0,0,0,0,0,10,2,0,0,3,0,0,3,2,0,4,0,0,77,0,1,1,0,0,0,0
19,0,0,0,0,0,0,0,0,0,0,0,4,1,0,0,0,0,0,1,0,0,0,0,96,0,0,1,0,0,2,0
20,0,14,100,1,98,0,0,-85,100,5,40,0,100,100,100,2,13,0,0,0,100,0,0,99,99,100,0,0,20,0,1
21,100,0,10,0,0,0,1,47,100,100,0,0,0,100,0,0,0,0,0,0,45,0,0,97,6,0,0,0,55,66,1
22,0,76,99,2,31,0,0,-93,100,4,65,0,100,83,0,0,87,3,0,25,48,9,0,96,31,38,0,0,4,16,1
23,0,11,0,0,0,0,54,-92,100,0,95,90,0,0,0,91,0,20,3,0,0,0,0,68,0,0,22,1,0,0,1
24,0,0,13,0,0,0,2,-12,49,0,0,0,0,0,43,2,0,42,0,0,99,0,0,81,0,2,0,0,0,0,0
25,0,3,100,1,91,0,0,-27,100,3,4,2,97,74,23,0,1,86,0,0,75,1,0,98,61,6,0,0,100,0,1
26,100,0,2,0,0,0,16,73,100,100,6,0,0,38,10,0,0,0,0,0,100,0,0,87,31,99,0,0,82,4,0
27,0,0,0,0,0,0,0,0,0,0,0,0,9,0,0,0,0,0,0,0,0,0,0,96,0,0,0,0,0,0,0
28,0,0,0,0,0,0,0,0,0,0,1,0,0,0,0,0,0,0,0,0,0,0,0,98,0,1,0,0,0,0,0
29,0,0,0,99,0,0,0,-9,56,0,30,4,0,0,0,0,0,100,38,0,0,99,0,98,0,0,35,5,0,21,0
30,73,0,93,0,0,0,0,0,100,91,90,2,72,99,1,0,0,0,0,0,100,0,0,82,15,0,0,0,100,1,1
31,0,0,0,1,0,0,10,0,21,1,0,77,0,0,0,0,0,0,3,2,4,16,0,86,0,0,90,1,0,9,0
32,0,0,0,0,0,0,0,-17,13,0,10,0,0,0,0,0,8,2,0,74,0,0,0,97,0,1,0,0,0,0,0
33,0,0,0,0,0,0,0,0,1,0,41,0,0,0,0,0,0,34,1,0,0,0,0,98,0,0,2,0,0,0,0
34,0,0,0,0,0,0,0,0,0,0,0,0,0,0,0,0,0,0,0,0,0,0,0,99,0,12,0,0,0,0,0
35,0,0,0,0,0,0,0,0,0,0,0,0,0,0,0,0,0,0,0,0,0,0,0,2,0,0,0,0,0,0,1
36,0,100,1,1,0,1,0,-54,50,0,99,0,100,0,0,0,0,0,0,0,0,0,0,94,1,1,1,0,0,0,1
37,0,1,0,0,0,0,1,-22,0,0,57,2,1,0,0,19,0,0,5,0,0,0,0,87,0,0,0,0,0,0,1
38,0,2,3,1,46,0,0,-27,100,0,0,0,95,0,14,1,0,68,0,0,82,0,0,57,0,61,0,0,0,0,0
39,64,0,0,0,0,0,32,85,100,89,1,97,0,0,0,0,7,0,1,3,5,0,0,93,1,1,1,55,0,1,0
40,98,0,0,0,0,0,0,90,100,91,0,0,0,0,0,0,1,0,2,0,11,0,0,96,0,1,0,0,3,2,0
41,0,10,98,91,93,0,0,-65,90,0,0,0,96,99,2,0,1,0,0,0,32,64,0,94,89,15,0,0,24,0,1
42,0,30,0,1,8,0,0,-20,50,0,0,0,100,0,0,0,0,0,0,0,0,0,0,89,0,2,0,0,0,0,1
43,0,0,0,0,0,0,0,0,0,0,0,0,0,0,0,0,0,0,0,0,0,0,8,95,0,0,0,0,0,0,1
44,0,92,100,6,35,0,0,-42,100,10,65,0,100,97,0,0,17,1,1,0,9,22,0,98,100,2,0,0,100,1,1
45,0,0,0,0,0,37,1,0,0,3,0,1,0,0,0,0,0,0,0,0,0,0,0,98,0,0,0,97,0,0,0
46,1,0,0,0,0,0,0,21,68,44,0,12,8,0,0,0,35,0,6,98,0,0,1,57,0,0,9,39,64,52,1
47,7,0,0,0,0,0,0,45,100,90,10,0,99,5,0,0,0,0,23,0,7,0,0,95,9,0,8,0,1,6,1
48,0,16,3,0,0,0,2,-31,1,0,98,14,12,13,0,0,0,0,0,0,13,0,100,98,1,0,1,0,0,2,1
49,0,0,35,0,0,0,10,0,83,0,1,1,0,36,0,29,0,0,0,0,86,0,17,98,0,94,0,0,100,0,0
50,0,0,0,0,0,0,67,-15,40,5,99,86,0,0,0,0,0,1,4,0,8,1,0,96,0,7,0,36,0,0,1
51,98,0,0,0,0,0,95,89,100,100,1,97,0,2,15,0,6,0,0,0,98,0,0,98,0,53,0,75,82,0,0
52,92,0,0,0,0,0,57,45,100,100,0,100,0,0,18,0,12,0,62,68,16,0,0,97,0,6,20,100,0,0,0
53,0,35,1,0,0,0,0,-32,1,0,76,0,37,1,13,0,0,0,0,0,4,0,0,99,0,3,0,0,0,0,1
54,0,0,0,0,0,0,0,0,0,0,0,0,0,0,0,0,0,0,0,0,0,0,0,35,0,0,0,0,0,0,0
55,0,0,0,0,0,1,8,0,10,0,0,61,0,0,0,0,8,0,0,2,0,0,0,95,0,1,0,69,0,0,0
56,0,0,0,0,0,0,1,0,2,0,1,40,0,0,1,0,8,0,0,0,1,0,0,98,0,0,0,1,0,0,0
57,0,0,0,0,0,0,0,0,0,0,0,2,0,0,0,0,6,0,0,0,0,0,0,98,0,0,0,1,0,0,0
58,0,0,0,0,0,0,0,0,2,6,1,3,0,0,0,0,4,0,41,7,0,1,0,98,0,0,100,0,0,19,0
59,0,20,33,0,0,0,4,-100,89,0,95,2,27,31,5,78,3,0,0,0,98,0,0,98,0,20,0,0,0,0,1
60,0,0,0,0,0,0,0,0,0,0,0,0,0,0,0,0,0,0,0,0,0,0,0,26,0,0,0,0,0,0,0
61,0,0,0,0,0,0,1,0,61,0,16,15,0,0,0,0,0,92,0,0,0,0,0,77,0,0,0,0,0,0,0
62,0,3,88,1,1,0,0,-55,34,4,5,2,66,84,0,2,2,0,1,0,6,1,0,97,11,1,0,0,4,0,1
63,0,0,0,0,0,3,47,0,50,0,0,100,0,0,0,0,0,0,0,0,0,0,0,97,0,7,0,100,0,0,0
64,0,0,0,0,0,0,0,0,0,0,6,0,0,0,0,0,0,0,0,0,0,0,0,97,0,0,0,0,0,0,0
65,0,100,100,1,11,0,0,-72,100,0,86,0,100,100,100,99,99,1,0,0,44,0,0,98,10,100,0,0,60,0,1
66,0,0,0,0,0,0,0,-4,0,0,45,0,0,0,0,0,0,0,3,5,0,0,0,95,0,0,11,0,0,0,0
67,0,95,100,97,84,0,0,-97,100,1,76,0,100,99,100,89,0,4,0,0,100,75,0,97,81,100,0,0,5,0,1
68,100,0,17,0,0,0,17,54,100,100,7,1,0,76,0,0,6,0,4,0,100,0,0,97,0,99,0,0,100,4,0
69,0,0,0,0,0,0,0,8,0,0,0,0,0,0,0,0,0,0,0,0,0,0,99,93,0,0,0,0,33,0,0
70,0,0,0,0,0,0,0,0,0,0,0,0,0,0,0,0,0,0,0,0,0,0,0,99,0,0,0,0,0,0,1
71,0,0,0,0,0,0,0,-1,16,29,1,0,0,0,0,0,14,1,76,49,3,1,0,98,0,0,99,0,0,38,0
72,99,0,0,0,0,0,69,96,100,100,8,61,0,0,0,2,0,0,0,0,100,0,0,98,0,68,0,1,14,0,0
73,13,0,0,0,0,0,0,62,100,94,0,0,100,5,0,0,0,0,12,0,10,2,0,97,22,0,7,0,16,77,1
74,0,0,0,0,0,0,0,0,0,0,0,0,0,0,0,0,0,0,0,0,0,0,0,99,0,1,0,0,1,0,0
75,0,98,1,1,31,0,0,-48,56,0,74,0,100,0,0,3,0,0,0,0,0,0,0,90,95,1,0,0,0,0,0
76,0,0,0,0,0,0,22,0,56,0,0,100,0,0,0,0,2,3,3,1,0,0,0,94,0,0,25,1,0,0,0
77,100,0,0,0,0,0,2,55,100,100,0,0,0,17,0,0,4,0,99,7,98,0,100,93,3,0,0,0,100,67,0
78,0,77,82,1,8,0,0,-61,100,0,2,1,97,51,0,100,0,0,0,0,6,0,0,84,5,39,0,5,84,0,1
79,98,0,76,0,0,0,89,4,100,100,1,96,0,79,99,0,1,0,3,1,100,0,2,97,0,2,0,99,90,36,0
80,100,0,7,0,0,0,0,55,100,100,0,0,0,49,36,0,0,0,0,0,13,0,0,93,0,0,0,0,100,0,1
81,0,0,0,0,0,0,0,12,1,18,0,0,0,1,0,0,1,0,0,0,1,1,0,97,0,1,0,0,0,0,0
82,100,0,3,0,0,0,2,42,100,100,1,0,0,76,0,0,0,3,22,35,100,0,0,97,0,2,3,0,100,1,0
83,0,0,2,0,0,0,3,0,47,0,14,0,0,0,0,0,0,0,0,0,98,0,0,98,0,1,0,0,0,0,0
84,0,0,0,0,0,0,0,0,0,0,0,0,0,0,0,1,4,8,0,0,2,0,0,87,0,1,0,0,0,0,0
85,0,0,100,0,0,36,1,-56,100,0,0,0,5,72,46,0,1,91,0,0,12,0,0,94,0,15,0,98,0,0,0
86,99,0,0,0,0,0,0,54,100,99,0,0,2,33,0,0,5,0,19,63,0,0,0,93,6,0,31,0,1,5,1
87,87,0,100,0,7,0,0,0,100,100,0,0,82,100,100,1,23,0,0,0,100,0,5,83,96,100,0,0,100,0,1
88,99,0,0,0,0,0,15,55,100,88,26,2,0,0,0,0,0,0,0,75,100,2,0,92,0,70,0,0,0,1,0
89,0,0,100,0,0,2,13,-100,97,0,3,35,0,95,100,3,52,8,0,0,1,0,0,94,0,78,0,99,0,0,0
90,64,0,80,0,10,0,0,0,100,99,22,0,100,67,53,5,0,0,0,0,100,0,23,87,90,100,0,0,0,0,1
91,47,0,83,0,0,0,0,14,100,98,1,0,96,99,4,0,1,0,0,0,59,0,0,98,8,2,0,0,23,3,1
92,0,0,0,96,0,0,0,-6,1,0,28,0,0,0,0,0,0,29,28,4,1,89,0,98,0,0,28,0,0,0,0
93,99,0,0,0,0,0,0,96,100,99,0,9,6,0,0,0,0,0,1,0,1,0,0,91,1,0,0,0,0,0,0
94,0,0,0,0,0,0,0,0,0,0,16,1,1,0,0,0,0,0,0,0,0,0,0,90,0,1,14,0,0,0,1
95,0,30,1,1,8,0,0,-20,50,0,0,0,100,0,0,0,0,0,0,0,0,0,0,92,0,3,0,0,0,0,1
96,0,0,0,0,0,0,0,-53,52,0,3,2,0,0,0,0,0,0,99,95,0,0,0,88,0,0,100,0,0,35,0
97,0,0,99,0,80,0,0,14,100,63,3,0,100,100,1,0,0,0,1,0,95,1,0,98,100,2,0,0,100,7,1
98,98,0,0,0,0,0,96,98,100,98,5,96,0,0,0,0,0,0,0,0,100,0,0,91,0,97,0,2,95,0,0
99,0,91,100,1,0,0,2,-100,99,0,94,0,69,51,65,100,0,3,0,0,100,7,0,96,0,98,0,0,0,0,1
100,0,0,1,0,0,0,0,0,1,1,0,0,0,0,0,0,0,0,27,0,15,0,0,45,0,0,26,5,7,50,1
101,98,0,0,0,0,0,0,21,100,92,0,0,4,92,0,0,0,0,0,91,0,0,0,97,2,0,0,0,98,0,1
102,75,0,0,0,0,0,22,76,100,90,34,86,0,0,1,0,7,0,0,1,1,0,0,95,0,0,0,0,0,0,1
103,0,0,0,0,0,0,12,22,97,48,0,79,1,0,0,0,0,0,68,2,12,2,0,99,0,0,0,1,0,1,0
104,0,85,7,1,67,0,0,-33,100,0,39,0,100,0,0,0,0,3,0,0,0,0,88,94,96,3,0,0,0,0,0
105,0,21,100,1,35,0,0,-96,100,0,29,0,100,97,48,0,0,0,0,0,72,0,0,96,14,52,0,0,8,0,1
106,0,0,0,0,0,0,0,0,0,0,0,0,0,0,0,0,0,0,0,0,0,0,0,21,0,0,0,0,0,0,1
107,0,0,1,0,0,0,0,0,0,0,0,0,0,0,0,0,0,0,0,0,17,0,0,88,0,2,0,0,0,0,0
108,100,0,6,0,0,0,3,43,100,100,0,0,0,8,100,0,0,0,0,0,98,0,0,92,0,12,0,0,100,0,0
109,0,0,0,0,0,0,0,0,3,1,1,0,0,0,0,0,14,53,0,0,1,0,0,99,0,0,0,13,0,0,0
110,0,86,100,6,3,0,0,-97,100,3,94,4,99,94,38,0,0,5,0,0,100,17,0,99,1,67,0,0,0,0,1
111,0,97,1,1,1,0,0,-51,73,0,65,0,100,6,0,0,14,5,0,1,0,0,0,85,9,0,0,0,0,0,1
112,0,12,21,1,5,0,0,-36,100,0,0,0,89,26,8,0,0,94,0,0,12,0,0,97,1,8,0,0,0,0,1
113,0,0,2,1,4,0,0,-16,96,0,2,0,52,1,3,0,0,15,0,45,94,0,0,44,6,13,0,0,12,0,1
114,0,0,0,49,0,0,0,-27,3,0,0,0,2,0,0,51,0,0,0,0,0,58,0,70,0,3,0,0,0,0,0
115,0,0,4,0,0,0,0,0,1,0,4,0,1,20,0,0,1,1,0,0,1,0,0,81,0,0,0,0,30,0,0
116,1,0,0,0,0,5,11,29,62,33,0,18,0,0,0,0,0,0,1,0,89,0,0,99,0,0,0,98,0,0,0
117,0,90,100,1,17,0,0,-78,100,0,73,2,100,68,17,64,1,0,0,0,100,0,0,95,15,86,0,0,48,0,1
118,97,0,0,0,0,0,82,99,100,100,0,95,0,0,1,0,0,22,2,0,57,0,0,97,0,30,0,100,0,0,0
119,0,24,1,1,0,0,0,-35,18,0,30,0,64,1,7,15,1,0,0,1,0,0,0,99,0,0,0,0,0,0,1
120,0,0,0,0,0,0,0,22,7,32,0,1,0,0,0,0,11,6,6,0,14,13,0,88,0,0,86,1,0,88,0
121,99,0,0,0,0,0,1,16,100,100,2,16,0,0,0,0,96,0,93,72,17,0,0,97,0,0,99,0,0,100,0
122,0,0,95,0,0,0,0,-100,100,0,0,0,0,86,18,100,96,4,0,0,0,0,0,81,0,0,0,0,0,0,1
123,99,0,0,0,0,0,10,96,100,100,9,41,0,0,0,0,0,0,1,1,33,0,0,90,0,0,2,100,12,36,0
124,97,0,0,0,0,0,5,50,100,100,2,62,0,1,86,0,4,0,0,6,2,0,0,98,0,1,0,12,0,0,0
125,0,0,11,0,0,0,0,-8,49,0,0,0,0,1,35,0,7,1,0,0,15,1,0,85,0,16,1,0,0,0,0
126,100,0,4,0,0,0,3,37,100,100,0,1,0,18,100,0,0,0,0,0,99,0,0,96,0,13,0,0,92,0,0
127,100,0,0,0,0,0,1,94,100,100,0,1,0,2,0,0,0,0,9,4,14,0,0,80,0,80,0,0,100,0,0
128,0,18,64,2,10,0,0,-41,60,8,0,0,98,53,0,0,1,0,2,0,0,10,0,92,19,0,3,0,0,2,1
129,99,0,0,0,0,0,19,100,100,100,0,56,0,0,0,0,0,19,0,0,33,0,0,98,0,11,0,97,0,0,0
130,0,0,1,0,0,5,1,0,0,0,0,4,0,0,0,1,1,0,0,0,19,1,0,59,0,22,3,79,0,0,1
131,0,100,4,1,1,1,0,-54,90,0,100,0,100,0,0,0,0,3,0,0,1,0,0,97,35,1,0,0,0,0,1
132,100,0,0,0,0,0,0,67,100,99,1,0,0,0,0,0,1,1,98,2,14,0,0,96,0,4,71,1,91,7,1
133,0,0,0,0,0,0,0,0,0,0,0,0,1,0,0,0,0,0,0,0,0,0,0,55,0,1,0,0,0,0,0
134,0,0,0,0,0,0,0,17,29,44,1,0,45,1,3,0,1,9,21,0,6,1,0,96,0,1,1,0,1,11,1
135,0,0,0,0,0,0,0,26,6,31,0,0,0,0,0,0,0,0,0,0,2,0,0,98,0,0,0,0,0,0,0
136,0,3,0,0,0,0,0,-11,0,0,66,0,8,0,0,0,0,0,0,0,0,0,0,99,1,3,0,0,0,0,1
137,99,0,2,0,0,0,76,30,100,100,3,76,0,24,96,0,1,0,15,0,100,0,0,97,0,3,0,100,2,32,0
138,0,7,100,1,97,0,0,-73,100,5,2,0,100,100,3,0,0,1,2,0,42,0,35,97,100,1,0,0,1,1,1
139,0,0,1,0,0,0,40,11,93,26,0,36,0,0,19,0,0,0,0,0,99,0,1,75,0,79,0,0,0,0,0
140,0,0,3,0,0,0,3,0,39,0,15,0,0,1,0,0,0,0,0,0,93,0,0,52,0,0,0,0,0,0,0
141,92,0,0,0,0,0,7,70,95,71,0,0,0,0,0,0,0,0,0,0,89,0,0,85,0,74,0,0,0,0,1
142,0,0,0,0,0,0,26,-62,100,0,8,99,0,0,0,91,0,0,5,0,0,0,0,87,0,4,0,3,0,0,0
143,0,96,1,1,3,0,0,-41,52,0,61,0,100,0,0,0,0,1,0,0,0,0,0,96,30,1,0,0,0,0,1
144,0,0,0,0,1,0,0,-31,23,0,0,0,1,0,0,0,49,1,0,82,0,1,0,79,0,3,18,0,0,4,0
145,100,0,89,0,0,0,15,46,100,100,3,0,0,100,0,0,0,0,0,0,100,0,0,96,87,100,0,0,100,1,0
146,38,0,100,0,34,0,0,0,100,93,7,0,100,100,100,9,0,0,0,0,100,0,0,96,100,91,0,0,100,0,1
147,0,0,0,0,0,0,0,0,0,0,0,0,0,0,0,0,0,0,0,0,0,0,0,34,0,0,0,0,0,0,1
148,0,1,0,0,0,0,58,-25,51,0,99,90,0,0,0,2,0,0,10,0,0,0,0,99,0,1,13,4,0,0,0
149,98,0,40,0,0,0,90,26,100,100,1,98,0,37,99,0,1,0,5,0,100,0,0,97,0,4,0,100,24,26,0
150,0,0,0,0,0,0,0,0,0,0,0,0,0,0,0,0,0,0,0,0,0,0,0,34,0,0,0,0,0,0,1
151,0,100,0,1,0,0,0,-56,92,0,99,0,100,1,0,3,0,35,0,0,0,0,0,98,24,8,0,0,0,0,1
152,0,0,0,97,0,4,41,-16,100,0,1,97,0,0,0,0,100,13,29,0,1,91,0,80,0,0,42,100,32,2,0
153,100,0,0,0,0,0,12,48,100,100,1,26,0,1,97,0,1,0,0,0,73,0,0,99,0,17,0,76,1,0,0
154,0,0,0,0,0,0,0,0,0,0,1,1,0,0,0,0,0,0,0,0,0,0,97,91,0,0,0,1,3,0,0
155,88,0,0,0,0,0,0,57,100,86,1,5,16,13,0,0,42,100,9,0,0,1,0,96,1,1,9,0,2,0,1
156,99,0,73,0,0,0,68,1,100,100,1,88,0,61,98,0,3,0,43,0,100,0,0,98,0,1,0,9,6,58,0
157,0,44,1,0,0,0,0,-100,96,0,34,0,45,14,0,100,1,0,0,1,0,0,0,97,0,1,0,0,0,0,1
158,100,0,85,0,0,0,15,48,100,100,1,0,0,95,1,0,0,0,0,0,100,0,0,95,13,100,0,0,100,0,0
159,0,0,0,0,0,0,0,0,1,0,2,1,0,0,0,0,0,4,26,3,0,0,0,93,0,0,0,0,0,0,0
160,16,0,0,0,0,0,0,38,72,57,0,1,0,0,31,0,0,0,0,0,0,0,2,98,0,0,1,0,0,0,0
161,0,0,0,0,0,0,0,0,0,0,1,0,8,0,0,0,0,1,0,0,0,0,0,94,0,0,0,0,0,0,0
162,0,10,1,0,0,0,0,-88,59,0,49,0,5,5,1,100,0,3,0,0,0,1,0,92,0,1,0,0,0,0,1
163,98,0,0,0,0,0,4,86,100,100,0,42,0,4,0,0,6,0,0,30,2,0,0,50,1,0,1,100,0,9,0
164,0,16,16,1,3,0,0,0,100,8,2,1,95,11,1,0,0,1,0,0,1,1,0,94,2,0,2,0,73,27,1
165,0,0,0,0,0,0,0,17,2,24,0,0,0,0,0,0,6,1,0,0,0,0,0,76,0,0,0,0,0,2,0
166,99,0,0,0,0,0,0,44,100,100,75,0,17,1,0,0,81,0,0,1,2,0,0,99,1,0,0,0,0,11,1
167,0,0,0,6,0,0,0,0,1,0,2,7,1,0,0,0,0,0,23,8,0,32,0,96,0,0,100,0,0,97,0
168,0,0,0,97,0,20,31,0,29,2,4,87,0,0,0,0,0,0,0,0,0,92,0,86,0,2,23,99,7,69,0
169,0,0,0,0,0,0,0,0,0,6,0,0,0,0,0,0,0,0,4,0,0,0,0,98,0,2,17,9,0,2,0
170,0,0,100,0,90,0,0,0,100,51,3,0,100,100,93,9,0,0,0,0,98,0,0,92,100,1,0,0,100,0,1
171,0,0,0,99,0,0,30,-25,100,0,0,96,0,0,0,0,1,7,95,19,0,99,0,98,0,0,71,60,0,0,0
172,100,0,0,0,0,0,0,99,100,99,2,0,0,0,0,0,0,0,0,0,6,0,0,98,0,0,0,0,4,0,0
173,0,14,0,1,3,0,0,-19,48,0,0,0,90,0,0,0,0,0,9,0,0,0,0,98,0,0,4,0,0,3,1
174,0,92,41,1,76,0,0,-27,100,0,97,0,100,1,3,0,0,0,0,0,96,0,47,98,89,51,0,0,60,0,1
175,0,65,1,1,0,0,0,-100,99,0,22,0,67,2,0,99,17,0,4,0,0,0,0,99,0,0,1,0,0,0,1
176,100,0,0,0,0,0,0,33,100,100,8,0,0,0,0,0,2,0,100,100,2,0,0,98,0,1,82,0,96,100,0
177,3,0,0,0,0,0,0,42,35,46,0,0,0,0,0,0,1,2,0,1,1,0,0,98,0,0,0,0,0,0,0
178,99,0,3,0,0,0,87,32,100,100,0,92,0,23,97,0,0,0,12,1,100,0,0,97,0,3,0,98,0,19,0
179,0,0,0,0,0,0,0,-7,4,0,8,1,0,0,0,0,0,0,0,56,0,0,0,99,0,0,0,0,0,0,0
180,0,0,0,0,0,0,0,0,52,2,0,1,0,0,0,0,5,100,0,3,0,1,0,74,0,0,0,0,0,0,0
181,0,0,98,1,0,0,0,-53,100,40,0,0,24,96,1,0,87,100,64,0,7,37,0,85,1,30,0,0,4,0,1
182,100,0,0,0,0,0,7,55,100,100,0,22,0,18,61,0,0,0,11,0,100,0,0,97,0,0,0,0,1,78,0
183,98,0,0,0,0,0,97,98,100,100,0,100,0,0,2,0,0,0,1,1,95,0,0,79,0,70,1,100,0,2,0
184,100,0,82,0,0,0,1,36,100,100,4,0,0,98,0,0,28,0,5,0,78,0,0,99,8,1,0,0,100,87,0
185,0,30,1,1,11,0,0,-20,53,0,0,0,100,0,0,0,0,1,0,0,0,0,0,90,9,2,0,0,0,0,0
186,100,0,0,0,0,0,46,76,100,100,74,2,0,0,0,0,0,0,0,1,100,0,0,92,0,99,0,0,87,19,1
187,93,0,100,0,1,0,0,0,100,100,0,2,69,100,100,0,0,0,0,0,99,0,0,98,83,100,0,0,100,0,1
188,0,0,0,0,0,0,1,4,6,10,0,35,0,0,0,0,0,25,0,0,2,0,99,88,0,10,0,0,0,0,0
189,0,0,1,0,0,0,0,0,0,1,0,1,0,0,5,0,0,0,1,0,17,0,0,98,0,0,0,0,0,0,0
190,100,0,0,0,0,0,0,23,100,100,0,0,2,84,0,0,0,0,0,99,2,0,32,76,3,0,18,0,98,4,1
191,0,19,100,1,95,0,0,-79,100,1,1,0,100,100,0,0,8,1,0,0,17,0,50,99,98,3,0,0,2,0,1
192,0,3,100,1,98,0,0,-46,100,7,16,0,100,100,100,0,4,0,0,0,94,0,0,99,93,89,0,0,99,0,1
193,0,0,0,0,0,0,0,0,0,0,0,0,0,0,0,0,0,0,0,0,0,0,0,30,0,0,0,0,0,0,0
194,0,0,0,0,0,0,0,0,0,0,1,6,0,0,0,0,0,0,1,1,0,0,0,97,0,0,0,0,0,0,0
195,0,0,0,1,0,0,1,-54,37,0,64,14,0,0,0,0,0,0,79,56,0,11,0,96,0,0,97,1,0,28,0
196,0,100,0,4,0,0,0,-100,100,0,94,0,100,0,0,100,0,0,1,0,0,12,0,99,1,0,6,0,0,0,1
197,100,0,0,0,0,0,0,93,100,100,9,5,0,0,7,0,0,0,1,0,5,0,0,97,0,0,0,0,0,1,1
198,99,0,6,0,0,0,7,43,100,93,30,15,6,59,0,0,33,0,0,0,56,0,0,98,2,61,0,0,7,0,1
199,100,0,84,0,0,0,8,36,100,100,6,18,0,99,2,0,7,0,17,2,100,0,0,96,14,13,1,0,100,7,0
200,0,0,0,0,0,0,0,29,9,33,0,3,0,1,0,0,0,0,0,0,4,0,0,98,0,2,0,0,0,0,0
201,100,0,100,0,0,0,12,0,100,99,0,1,4,100,100,1,0,65,0,0,100,0,0,86,22,100,0,0,100,0,1
202,0,0,0,0,0,4,1,30,10,35,1,4,0,0,0,0,1,1,0,2,0,0,0,99,0,0,0,93,0,0,0
203,53,0,0,0,0,0,39,90,100,87,0,98,0,0,0,0,8,0,1,2,0,0,0,81,0,0,0,88,18,0,0
204,0,92,46,2,10,0,0,-60,100,0,99,0,100,0,13,0,0,0,0,0,98,3,0,99,23,50,0,0,3,0,1
205,0,0,1,0,0,0,1,-12,23,7,0,0,1,0,26,0,33,68,1,22,83,0,0,92,0,3,25,0,0,0,0
206,0,0,0,0,0,0,0,0,48,0,2,0,10,0,0,0,29,89,1,0,0,5,0,83,0,0,98,0,0,2,1
207,100,0,0,0,0,0,5,100,100,100,0,1,0,0,0,0,0,1,0,0,100,0,0,95,0,33,0,0,43,29,0
208,0,57,100,1,77,0,0,-82,100,0,29,1,100,100,100,100,8,1,0,0,100,0,0,95,33,100,0,0,40,0,1
209,0,0,0,0,0,0,1,0,1,0,7,25,5,0,0,0,0,0,5,0,0,0,0,91,0,0,2,6,0,2,0
210,67,1,99,0,2,0,0,0,100,100,69,0,100,99,81,72,96,0,4,8,100,0,0,95,97,20,1,0,56,0,1
211,0,29,0,1,7,0,0,-19,60,0,0,0,99,0,0,0,0,6,0,0,0,0,0,96,0,0,0,0,0,0,0
212,0,1,90,1,94,0,0,-74,100,20,0,0,100,100,0,0,97,0,97,67,1,12,0,92,98,0,84,0,8,72,1
213,100,0,0,0,0,0,7,99,100,100,0,5,0,1,0,0,0,0,0,0,100,0,0,98,0,43,0,0,99,1,0
214,0,0,0,0,0,0,0,0,0,0,0,9,0,0,0,6,0,0,0,0,0,0,0,96,0,1,0,0,0,0,0
215,0,0,0,0,0,0,4,-56,99,0,7,60,0,0,0,0,0,0,100,100,0,1,0,98,0,0,100,0,0,31,0
216,47,0,80,0,8,0,0,0,100,100,1,0,100,100,3,0,47,0,1,0,53,0,0,93,100,0,0,0,100,57,1
217,99,0,0,0,0,0,10,39,100,100,1,42,0,1,86,0,21,0,2,22,63,0,0,90,0,20,2,0,88,0,0
218,0,0,1,0,0,0,2,-72,45,0,0,0,0,0,0,97,0,0,27,0,65,0,8,64,1,26,0,0,0,0,0
219,0,0,0,0,0,31,1,0,0,0,0,15,0,0,0,0,4,2,0,0,0,0,0,96,0,3,0,98,0,0,0
220,99,0,16,0,0,0,0,42,100,100,4,3,42,81,0,0,1,0,0,0,97,0,0,98,2,2,0,0,98,90,0
221,0,73,1,1,0,0,0,-100,99,0,32,0,64,3,0,99,1,0,0,0,2,0,0,97,1,0,0,0,0,0,1
222,0,0,0,0,0,0,0,0,0,0,0,5,1,0,0,0,0,0,2,0,0,0,0,95,0,0,21,37,0,7,0
223,0,0,0,0,0,0,0,0,0,0,0,0,0,0,0,1,0,0,0,0,0,0,100,94,0,0,0,0,0,0,0
224,0,72,10,0,0,0,0,-37,100,0,99,21,43,1,0,0,7,0,0,0,0,0,0,97,16,2,1,0,1,2,1
225,0,0,0,0,0,0,0,0,0,0,0,0,0,0,0,0,0,0,0,0,0,0,0,79,0,0,0,0,0,0,1
226,0,17,1,93,7,0,0,-21,65,0,0,7,97,0,0,2,1,0,1,0,12,66,0,95,2,5,0,0,0,0,0
227,0,100,0,2,0,0,0,-100,100,0,95,0,100,0,0,100,0,0,0,0,0,4,0,98,0,0,1,0,0,0,1
228,0,0,0,5,0,0,0,0,2,3,0,3,19,0,0,0,0,0,27,0,0,30,0,99,2,0,64,0,24,9,1
229,99,0,21,0,0,0,0,32,100,100,1,0,36,96,10,0,0,0,0,0,85,0,0,99,17,1,1,0,1,61,1
230,0,3,95,0,14,0,0,-57,93,14,4,0,92,93,3,0,0,0,0,0,43,1,0,97,21,0,0,0,0,37,1
231,0,4,100,0,34,0,0,-38,100,54,69,0,100,100,73,0,0,0,0,7,100,1,0,98,100,23,0,0,0,0,1
232,0,0,0,0,0,0,0,0,0,0,0,0,0,0,0,0,0,0,0,0,0,0,0,96,0,0,0,0,0,0,0
233,0,0,100,0,0,0,4,-93,99,0,23,0,1,74,100,0,0,0,0,0,100,0,0,93,0,3,0,0,0,0,1
234,0,100,1,1,1,0,0,-100,100,0,81,0,100,13,0,100,1,0,0,0,0,0,0,91,12,0,0,0,0,0,1
235,100,0,0,0,0,0,0,18,100,99,1,1,0,0,0,0,96,0,61,100,0,0,0,98,0,0,23,0,0,3,0
236,0,0,0,0,0,0,22,-14,97,9,0,99,0,2,0,48,0,0,0,0,1,4,0,93,0,1,0,0,0,0,0
237,0,28,98,6,76,0,0,-66,100,3,5,0,100,70,0,0,27,2,0,1,7,17,0,99,77,0,0,0,6,2,1
238,0,1,1,0,0,0,2,0,63,27,82,5,0,7,0,0,1,2,5,0,6,0,0,99,0,4,0,0,0,0,1
239,100,0,0,0,0,0,1,89,100,99,1,0,4,2,1,0,0,0,23,0,61,0,0,96,0,0,1,0,2,53,1
240,0,0,0,0,0,0,0,0,0,0,4,1,0,0,0,0,0,0,0,0,0,0,0,98,0,0,0,0,0,0,0
241,0,0,0,0,0,0,29,-59,100,0,1,100,0,0,0,82,19,0,0,0,1,0,0,74,0,0,0,31,0,0,0
242,0,0,0,0,0,0,0,0,0,0,0,0,0,0,0,0,0,0,0,0,0,0,0,19,0,0,0,0,0,0,1
243,38,0,0,0,0,0,0,0,100,94,1,0,84,5,0,90,94,13,9,0,33,0,3,72,59,3,0,0,0,0,1
244,100,0,0,0,0,0,1,96,100,100,3,2,0,0,4,0,2,10,0,0,53,0,0,95,0,2,0,0,2,0,0
245,0,99,0,3,1,0,0,-88,98,0,66,0,100,0,0,56,0,0,0,0,0,7,0,98,6,0,0,0,0,0,1
246,0,0,0,0,0,7,86,-6,81,6,78,99,0,0,0,0,0,0,5,0,21,0,0,95,0,2,0,100,2,0,1
247,96,0,0,0,0,0,6,64,100,97,7,62,0,0,0,0,2,0,3,92,8,1,0,94,0,1,19,1,0,1,0
248,0,28,1,1,19,0,0,-20,56,0,0,0,100,0,0,0,0,0,0,0,4,1,0,98,19,1,0,0,0,0,1
249,0,0,100,0,0,0,38,-86,100,0,69,13,11,96,100,0,1,0,0,0,97,0,0,98,1,98,0,1,30,0,1
250,0,100,1,1,0,1,0,-54,51,0,99,0,100,0,0,0,0,0,0,0,0,0,0,94,0,2,0,0,0,0,1
251,0,32,0,1,11,0,0,-20,50,0,1,0,100,0,0,0,0,0,0,0,0,0,0,93,9,0,0,0,0,0,0
252,0,0,0,0,0,0,0,0,0,0,0,0,0,0,0,0,0,0,0,0,0,0,0,97,0,0,0,2,0,0,0
253,0,0,0,0,0,0,0,4,1,20,0,0,0,0,0,0,1,0,32,0,0,0,0,98,0,3,48,5,0,2,0
254,0,0,100,14,0,0,0,-48,84,1,1,4,0,100,11,0,0,0,0,0,23,42,0,98,9,3,0,0,0,4,1
255,0,100,9,14,13,1,0,-54,100,0,100,0,100,0,0,0,0,1,0,0,0,24,0,95,95,0,0,0,0,0,1
256,0,0,1,1,3,11,0,-14,10,0,0,0,62,0,5,1,7,0,2,1,0,1,0,78,0,0,0,59,0,0,0
257,0,30,1,1,11,0,0,-20,68,0,0,0,100,1,2,0,0,10,0,0,0,0,0,93,8,0,0,0,3,0,1
258,0,17,9,1,0,0,0,-92,98,0,5,0,54,11,0,100,0,2,0,0,3,1,0,39,0,1,0,0,0,0,1
259,0,5,100,1,95,0,0,-43,100,10,12,0,100,100,88,0,0,0,0,0,65,0,0,95,88,2,0,0,99,1,1
260,0,0,0,0,0,0,0,0,0,0,0,0,0,0,0,0,0,0,0,0,0,0,0,34,0,0,0,0,0,0,1
261,0,0,0,0,0,0,0,0,0,0,4,0,0,0,0,0,0,0,0,0,0,0,0,71,0,1,0,0,1,0,0
262,0,0,0,99,0,0,17,-31,100,0,1,93,0,0,0,0,0,0,100,32,0,99,0,96,0,0,88,0,0,0,0
263,99,0,0,0,0,0,38,54,100,100,1,67,0,1,61,0,38,1,1,1,91,0,0,97,0,6,0,1,57,0,0
264,93,0,0,0,0,0,14,95,100,99,3,84,1,0,0,0,1,0,1,10,2,0,0,68,4,2,15,12,100,7,0
265,0,0,4,0,0,0,14,-20,58,1,92,2,0,5,2,0,0,0,0,0,99,0,0,92,5,0,0,0,0,0,1
266,0,7,0,0,0,0,1,-15,0,0,85,0,0,0,0,0,0,0,1,0,0,0,0,97,0,0,0,0,0,0,0
267,99,0,0,0,0,0,4,99,100,97,0,36,1,1,0,0,0,1,0,0,52,3,0,97,1,5,0,0,57,8,0
268,90,1,0,0,0,0,0,0,100,99,99,1,49,2,98,0,0,0,2,0,3,0,0,97,0,11,0,0,0,0,1
269,0,0,1,0,0,11,86,-14,82,0,82,100,0,0,0,0,0,21,0,0,14,0,0,93,0,3,1,100,0,0,0
270,0,0,0,0,0,0,4,0,5,0,10,55,0,1,0,0,2,0,0,6,2,0,0,63,0,0,0,0,0,0,1
271,0,0,0,0,0,0,4,4,10,15,0,52,0,0,0,0,0,1,5,16,17,16,0,85,0,0,97,12,0,40,0
272,0,0,1,0,0,9,1,31,0,0,2,23,0,0,0,0,0,0,1,0,0,0,0,99,0,1,4,84,89,2,0
273,86,0,0,0,0,0,0,74,98,78,1,2,0,0,0,0,0,0,0,6,0,10,0,93,0,0,0,0,0,0,0
274,25,0,97,0,5,0,0,0,100,94,0,26,100,100,42,0,0,0,0,0,98,0,0,96,77,8,0,0,12,23,1
275,0,100,0,1,1,0,0,-100,100,0,73,0,91,5,0,93,1,0,0,16,1,0,0,96,2,1,0,0,0,0,1
276,100,0,0,0,0,0,4,81,100,100,0,3,0,3,19,0,0,0,20,1,75,0,0,96,0,45,4,0,3,14,0
277,0,0,0,0,0,5,56,0,50,0,27,99,0,0,0,0,0,0,1,0,0,0,0,98,0,0,0,100,0,0,0
278,0,92,100,0,11,0,0,-27,100,24,77,0,100,100,1,0,85,1,3,1,6,3,0,98,100,1,0,0,100,3,1
279,0,0,99,0,80,0,0,0,100,58,4,0,100,95,1,0,0,0,0,0,88,1,0,98,99,3,0,0,56,0,1
280,0,2,100,1,95,0,0,-100,100,0,0,0,99,100,100,0,0,2,0,0,94,0,0,94,50,65,0,0,0,0,1
281,0,0,4,0,0,0,0,0,7,0,0,0,14,9,5,0,9,2,0,0,19,0,0,36,0,1,0,0,12,1,1
282,98,0,0,0,0,0,0,31,100,100,2,1,21,47,0,0,98,0,1,19,2,0,0,58,7,0,4,0,30,20,0
283,100,0,0,0,0,0,1,97,100,100,7,1,0,0,0,0,1,0,0,1,39,0,0,98,0,0,0,26,0,1,0
284,0,98,1,1,0,0,0,-97,95,0,79,0,69,6,0,71,0,0,0,0,1,0,0,98,0,4,0,0,0,0,1
285,96,0,0,0,0,0,77,83,100,100,0,100,0,0,22,0,17,0,0,0,55,0,0,99,0,7,0,98,0,1,0
286,0,100,0,1,4,0,0,-100,100,0,98,0,100,0,0,100,0,0,2,0,0,1,0,98,69,0,4,0,0,0,1
287,99,0,0,0,0,0,0,66,100,98,3,0,0,0,0,0,0,0,0,99,0,0,2,98,11,0,1,0,2,0,0
288,0,45,0,1,12,0,0,-36,75,0,6,0,97,1,0,18,0,0,1,0,0,2,0,38,20,1,0,0,0,0,0
289,0,14,5,1,32,0,0,-20,94,0,4,0,100,1,0,0,0,0,0,0,38,0,100,98,14,1,0,0,5,0,1
290,0,99,100,1,3,0,0,-100,100,0,100,1,100,93,69,80,0,90,0,0,100,0,0,94,2,9,0,0,1,0,1
291,0,100,24,1,2,0,0,-100,100,0,78,0,100,48,0,100,38,0,0,1,3,0,0,99,16,0,0,0,0,0,1
292,55,0,34,0,0,0,0,24,100,90,0,0,77,74,1,0,0,0,0,0,82,2,0,97,2,2,0,0,0,0,1
293,0,100,80,99,21,1,0,-32,100,0,100,0,100,35,6,0,2,79,1,0,10,81,0,97,100,2,0,0,100,3,1
294,0,0,0,0,0,0,0,0,1,1,1,9,0,0,0,0,3,0,20,1,0,7,0,98,0,0,99,1,0,98,0
295,0,0,0,0,0,0,0,3,1,14,5,0,0,1,6,0,2,17,0,0,9,0,0,98,0,4,0,0,0,0,0
296,99,0,0,0,0,0,38,35,100,100,2,62,0,5,81,0,59,1,2,1,95,0,0,96,0,11,0,1,48,0,0
297,0,0,68,0,1,0,0,0,100,38,4,0,80,47,24,0,0,7,0,0,32,16,0,94,28,1,0,0,33,6,1
298,0,0,4,0,0,0,82,-38,98,0,46,54,0,6,1,39,5,0,0,0,100,0,0,64,0,81,0,0,1,0,1
299,99,0,0,0,0,0,53,15,100,100,0,79,0,0,0,0,100,0,66,100,98,0,0,97,0,0,0,0,100,94,0
300,0,0,0,0,0,0,0,-6,7,0,1,5,1,0,0,0,0,0,58,1,0,4,0,91,0,0,47,7,0,7,0
301,0,0,0,0,0,1,3,-2,14,0,0,40,0,0,0,0,9,18,6,35,1,1,0,87,0,0,99,58,0,40,0
302,0,0,81,0,1,0,0,-35,33,7,0,0,34,79,0,0,0,0,2,0,11,1,0,97,73,2,0,0,0,0,1
303,0,60,100,1,85,0,0,-64,100,0,22,0,100,99,1,0,0,0,2,5,3,0,90,95,100,0,0,0,51,4,1
304,0,0,20,0,0,0,3,-21,61,20,0,6,0,1,84,13,0,96,0,0,100,0,0,76,0,3,0,0,0,0,0
305,0,0,0,0,0,0,0,27,8,33,0,0,5,0,0,0,0,0,0,0,3,0,0,91,0,5,1,1,0,2,0
306,0,94,99,1,69,0,0,-95,100,0,47,0,100,77,0,61,1,0,0,0,31,0,0,98,85,1,0,0,10,0,0
307,0,0,0,0,0,0,0,0,0,0,2,0,0,0,0,0,0,0,1,0,0,0,0,94,0,0,0,29,0,0,0
308,0,0,0,93,0,0,0,-17,29,0,1,0,0,0,0,0,0,0,4,87,0,83,0,98,0,0,39,0,0,0,0
309,0,27,1,2,25,0,0,-21,49,0,1,0,98,1,0,0,0,0,1,1,0,3,0,94,32,0,1,0,0,0,1
310,98,0,25,0,0,0,89,25,100,100,1,96,0,40,99,0,0,0,4,0,100,0,0,98,0,3,0,99,2,27,0
311,0,0,0,0,0,0,6,0,18,0,0,69,0,0,0,3,10,3,1,0,0,0,0,97,0,1,0,2,0,0,0
312,0,0,0,0,0,0,0,0,0,0,0,1,0,0,0,0,0,0,1,0,0,0,0,98,0,0,0,0,0,0,0
313,57,0,0,0,0,0,0,-7,99,73,0,0,13,62,0,0,98,0,2,100,0,13,0,47,3,0,25,0,7,91,1
314,0,0,1,0,0,0,1,0,0,0,0,4,0,0,0,1,0,0,0,0,21,0,0,98,0,26,0,1,0,0,1
315,0,0,0,0,0,0,0,0,0,0,0,0,0,0,0,0,0,0,0,0,0,0,0,29,0,0,0,0,0,0,0
316,0,0,0,0,0,0,0,0,0,0,0,2,0,0,0,0,0,0,1,1,0,1,0,96,0,0,0,8,12,0,1
317,99,0,5,0,0,0,37,30,100,100,9,61,0,35,89,0,0,0,5,0,100,0,0,98,0,0,0,0,1,54,0
318,100,0,30,0,0,0,1,36,100,99,0,2,20,100,9,0,0,0,0,0,89,0,0,94,41,15,0,0,15,13,1
319,18,0,44,0,0,0,0,12,100,94,0,0,93,99,0,0,3,0,1,2,2,1,0,95,17,0,0,0,4,0,1
320,0,83,96,1,14,0,0,-88,55,2,39,1,100,97,0,3,3,0,0,0,0,0,0,95,50,0,0,0,2,0,1
321,0,0,79,0,0,0,0,-11,100,18,2,17,60,5,100,0,30,1,0,0,6,1,0,91,3,2,0,0,99,8,1
322,0,0,0,0,0,2,45,19,50,0,4,100,0,0,0,0,0,0,0,0,0,0,0,97,0,1,0,95,63,0,0
323,70,0,0,0,0,0,1,63,100,68,0,0,0,1,4,0,5,2,1,0,40,15,0,93,0,35,1,0,3,0,0
324,0,0,100,0,79,0,0,-72,100,20,0,0,77,100,32,0,0,0,22,0,98,7,0,98,76,2,0,0,0,3,1
325,0,0,0,0,0,0,0,0,48,0,23,0,0,0,0,0,0,99,0,0,1,0,0,86,0,2,0,0,0,0,0
326,98,0,50,0,0,0,73,39,100,100,4,82,5,88,8,0,1,0,4,21,96,0,0,98,6,0,0,95,100,100,0
327,0,100,1,1,0,0,0,-81,93,0,85,0,98,4,0,38,1,0,0,0,0,0,0,98,1,0,0,0,0,0,1
328,100,0,84,0,0,0,2,44,100,100,9,0,0,100,0,0,1,0,0,0,79,0,0,98,55,7,0,0,100,68,0
329,0,0,0,0,0,15,84,-19,55,0,96,100,1,0,0,0,0,3,0,0,0,0,0,91,0,0,0,100,0,0,0
330,0,87,4,1,19,0,0,-81,97,0,26,0,100,23,0,48,3,0,1,0,4,0,0,98,41,0,0,0,0,0,1
331,100,0,20,0,0,0,7,21,100,100,1,0,0,87,0,17,0,9,16,47,99,0,0,96,1,57,44,0,100,100,0
332,0,0,0,0,0,0,0,0,0,0,1,1,0,0,0,0,0,0,0,0,0,0,0,96,0,0,0,0,0,0,1
333,0,20,13,1,56,0,0,-22,100,1,0,0,100,4,0,2,0,0,0,0,15,0,0,89,47,2,0,0,0,0,1
334,0,40,100,1,4,0,0,-100,46,0,12,1,96,95,65,0,0,0,0,0,2,0,0,97,1,0,0,0,1,0,1
335,0,0,0,0,0,0,0,0,0,0,0,0,5,0,0,0,0,0,0,0,0,0,0,98,0,0,0,0,0,0,0
336,100,0,0,0,0,0,3,48,100,100,54,4,0,1,0,0,1,0,99,5,51,0,0,98,0,3,99,0,29,98,0
337,100,0,3,0,0,0,3,36,100,100,0,1,0,21,100,0,0,0,0,0,100,0,0,96,0,9,0,0,13,0,0
338,0,4,0,1,66,0,0,-81,100,7,40,0,61,0,0,0,100,0,1,98,0,8,0,74,12,0,99,0,0,44,1
339,0,0,0,0,1,0,0,-32,64,4,0,0,10,0,0,0,98,0,1,38,0,2,0,89,1,0,21,0,0,3,1
340,0,11,99,2,98,0,0,-83,100,2,21,0,100,99,3,0,0,0,0,0,77,4,0,90,99,2,0,0,0,1,1
341,100,0,0,0,0,0,6,65,100,100,0,32,0,18,9,0,62,3,1,1,57,0,0,96,0,21,0,0,56,0,0
342,100,0,0,0,0,0,0,36,100,100,9,0,0,0,0,0,16,0,96,79,1,0,0,98,0,0,34,0,0,75,0
343,0,100,10,4,12,1,0,-50,100,0,100,0,100,0,0,0,0,3,1,0,0,11,0,96,94,0,0,0,10,0,1
344,0,2,100,1,29,0,0,-100,100,0,15,0,87,67,100,1,1,100,0,0,100,0,0,95,0,100,0,0,0,0,1
345,0,46,1,1,7,0,0,-25,53,0,10,0,100,0,0,2,0,0,0,0,0,0,0,87,6,0,1,0,0,0,0
346,0,5,0,14,0,0,2,-20,1,0,88,16,2,0,0,0,1,2,0,11,1,42,0,73,0,0,0,0,0,0,1
347,0,12,0,1,40,0,0,-35,95,0,0,0,100,0,0,0,1,4,1,42,14,0,0,97,7,9,0,0,0,0,1
348,0,0,0,0,0,0,1,0,1,0,0,30,0,0,0,0,0,0,8,1,0,0,0,93,0,0,39,2,0,26,0
349,98,0,0,0,0,0,0,84,100,100,0,0,24,14,0,0,0,0,2,2,0,0,0,96,0,0,96,0,1,27,1
350,29,0,7,0,0,0,0,25,100,92,0,0,84,81,1,0,0,0,2,0,28,0,0,96,0,0,0,0,12,1,1
351,0,0,2,0,0,0,0,-4,0,0,10,0,5,11,13,0,0,0,0,0,8,0,0,98,0,0,0,0,0,0,1
352,0,0,0,0,0,0,26,-3,78,0,10,100,0,0,0,18,0,0,0,0,0,0,0,98,0,0,0,1,0,0,0
353,100,0,0,0,0,0,1,99,100,100,0,2,1,0,0,0,0,0,0,0,66,0,0,94,0,0,0,37,0,0,0
354,0,0,1,0,0,0,0,0,6,0,1,0,21,8,0,0,0,40,0,6,0,0,0,96,71,0,0,0,0,0,0
355,0,76,100,82,98,0,0,-83,100,1,47,0,100,100,100,90,1,17,0,0,100,56,0,97,98,100,0,0,35,0,1
356,4,0,0,0,0,0,0,25,91,49,0,4,2,49,0,3,83,0,1,27,0,10,0,93,1,0,20,0,100,1,0
357,97,0,0,0,0,0,10,63,100,100,0,61,0,14,0,0,84,3,0,8,5,0,0,55,0,0,1,95,95,12,0
358,0,96,100,1,48,0,0,-82,100,0,62,0,100,94,0,0,0,0,1,0,0,0,98,96,100,0,0,0,28,7,1
359,98,0,26,0,0,0,90,16,100,100,1,97,0,56,98,0,0,0,4,1,100,0,0,97,0,5,0,97,1,15,0
360,0,96,7,1,1,0,0,-2,98,0,61,0,100,4,0,0,0,0,0,0,0,0,4,93,7,0,3,0,90,0,1
361,96,0,0,0,0,0,27,97,100,100,0,88,0,0,0,0,0,1,1,7,33,0,0,70,0,3,36,0,100,27,0
362,99,0,0,0,0,0,65,75,100,100,0,78,0,0,7,0,11,6,54,0,78,0,0,99,0,0,0,100,24,9,0
363,100,0,0,0,0,0,28,74,100,100,13,5,0,3,38,0,0,17,0,0,98,0,0,98,0,79,0,77,0,0,0
364,99,0,0,0,0,0,2,88,100,100,0,20,0,9,12,0,0,0,1,1,25,0,0,99,0,23,6,0,96,8,0
365,0,0,0,1,0,0,0,0,1,14,11,0,0,0,0,0,1,0,26,31,0,25,0,94,0,0,99,0,0,58,0
366,0,0,0,0,0,5,14,0,9,0,0,67,0,0,0,0,0,0,0,0,0,0,0,98,0,5,0,95,0,0,0
367,0,0,1,0,0,0,1,0,1,0,2,0,0,0,0,0,0,0,0,0,40,0,0,93,0,0,0,1,0,0,0
368,0,0,99,0,0,0,88,-39,98,44,100,100,5,100,31,0,0,0,0,0,53,0,0,94,59,16,0,0,16,0,1
369,99,0,11,0,0,0,46,68,100,100,0,68,0,61,0,0,0,1,0,0,100,0,0,47,1,8,2,1,100,58,0
370,0,0,16,0,0,0,4,-26,2,0,0,0,0,2,70,0,0,0,0,0,44,0,2,63,0,100,0,0,0,0,0
371,0,0,0,0,0,33,1,0,60,0,0,6,0,0,2,0,1,100,0,0,0,0,0,84,0,0,0,95,0,0,0
372,0,29,0,1,8,0,0,-20,51,0,0,0,99,0,0,0,1,1,0,0,0,0,0,97,2,61,0,0,0,0,1
373,0,1,100,1,94,0,0,-93,100,6,0,0,100,99,79,0,0,0,0,0,100,2,0,89,48,92,0,0,0,0,1
374,0,0,0,0,0,0,0,0,0,0,0,0,0,0,0,0,0,0,0,0,0,0,100,94,0,0,0,0,0,0,0
375,0,99,66,16,27,1,0,-26,100,0,85,0,100,32,0,0,0,1,0,0,0,26,30,96,100,0,0,0,90,8,1
376,93,0,0,0,0,0,0,79,99,80,0,0,0,0,0,0,0,0,0,0,24,0,0,97,0,0,0,0,0,0,0
377,33,0,93,0,3,0,0,0,100,100,4,0,100,100,48,0,34,0,0,0,22,0,0,95,100,1,0,0,100,1,1
378,97,0,0,0,0,0,97,87,100,94,41,85,0,0,0,0,0,0,0,0,100,0,0,81,0,100,0,1,26,0,0
379,0,0,0,0,0,0,0,0,0,0,0,0,0,0,0,0,0,0,0,0,0,0,0,31,0,0,0,0,0,0,0
380,0,5,75,0,0,0,0,-42,63,0,37,2,39,53,1,0,0,0,0,0,1,0,0,99,1,1,0,0,2,0,1
381,9,0,0,0,0,0,0,49,100,56,0,1,9,2,1,0,2,3,8,0,1,1,0,55,6,0,4,0,8,2,1
382,0,0,0,0,0,4,34,0,100,0,1,87,0,0,0,0,0,92,0,0,0,0,0,98,0,10,0,100,0,0,0
383,0,0,0,0,0,16,85,-19,51,0,100,100,0,0,0,0,0,1,0,0,1,0,0,99,0,0,0,100,1,0,0
384,0,0,1,1,0,0,0,-2,0,0,0,0,7,5,0,14,0,0,0,0,0,12,0,71,1,8,0,0,0,0,0
385,0,4,100,0,0,0,44,-38,100,0,100,92,11,99,0,0,8,0,1,0,1,0,0,98,42,1,0,0,100,0,1
386,0,0,0,0,0,0,0,0,1,1,1,0,0,0,0,0,4,33,0,0,1,0,0,99,0,0,0,28,0,0,0
387,100,0,0,0,0,0,0,56,100,100,0,2,0,3,0,0,41,0,91,0,24,0,0,86,1,0,42,0,0,5,1
388,0,0,0,0,0,0,0,-46,49,4,7,0,0,0,0,0,0,0,99,83,1,0,0,92,0,0,0,0,0,0,0
389,7,0,0,0,0,0,63,55,100,58,0,87,0,0,0,0,0,0,0,0,94,0,0,97,0,1,0,6,0,0,0
390,100,0,0,0,0,0,0,98,100,100,3,2,0,0,0,0,0,0,0,3,1,0,0,99,0,0,0,61,0,0,0
391,0,0,0,0,0,19,2,-29,51,0,0,31,0,0,0,0,26,11,32,69,0,2,0,88,0,0,100,83,0,50,0
392,0,0,0,0,0,0,0,-2,0,0,40,1,0,0,0,0,0,0,3,6,0,0,0,98,0,0,98,0,0,10,0
393,0,0,0,0,0,1,3,0,1,0,3,38,0,0,0,0,0,0,0,1,0,0,0,99,0,0,89,62,5,0,0
394,0,25,6,2,32,0,0,-34,100,3,0,0,100,1,0,0,42,0,4,3,0,6,0,93,39,0,20,0,0,1,1
395,0,0,0,0,0,0,0,0,0,0,1,10,0,0,0,0,2,0,0,0,0,0,0,98,0,1,0,3,0,0,0
396,0,21,0,1,7,0,0,-19,100,0,0,0,97,0,0,0,0,94,0,0,7,0,0,90,0,10,0,0,0,0,0
397,0,0,0,0,0,0,0,0,0,0,0,0,0,0,0,0,0,1,0,0,1,0,100,98,0,7,0,0,1,0,0
398,58,0,0,0,0,0,30,81,100,88,0,99,0,0,0,0,14,0,0,6,0,0,0,78,0,0,0,46,0,2,0
399,0,22,6,2,24,0,0,-22,98,0,2,0,100,0,0,0,0,54,4,0,15,3,0,96,18,1,1,0,0,5,1
400,0,37,98,1,84,0,0,-82,70,1,14,0,99,99,0,0,1,0,5,0,13,1,0,97,88,0,0,0,1,0,1
401,0,75,0,1,1,0,0,-38,50,0,52,0,84,0,0,0,0,0,2,16,0,1,0,93,0,0,30,0,0,1,0
402,16,1,99,0,0,0,0,0,100,85,71,0,99,100,43,24,3,1,0,0,100,0,0,59,50,96,0,0,98,0,1
403,0,0,100,0,0,0,75,-60,100,3,1,57,0,100,100,0,30,1,0,0,100,0,0,99,0,100,0,0,80,0,1
404,0,0,38,0,77,0,0,0,100,64,0,0,100,76,2,0,0,0,2,0,91,7,2,99,99,1,14,0,0,18,1
405,0,0,0,2,0,0,0,-19,51,0,0,4,1,0,0,0,97,1,0,0,1,20,0,98,0,7,0,1,0,0,0
406,94,0,0,0,0,0,0,54,99,82,0,1,0,7,11,0,48,0,8,0,17,1,0,36,0,2,2,1,0,13,1
407,0,0,0,0,0,0,1,0,1,0,0,20,0,0,0,14,0,0,0,0,0,0,0,96,0,0,0,0,0,0,0
408,100,0,0,0,0,0,1,94,100,100,13,1,0,0,0,0,5,0,0,0,19,0,0,97,0,0,0,37,0,1,0
409,0,100,1,1,0,1,0,-53,45,0,100,0,97,0,0,0,0,0,0,0,0,0,0,95,0,1,0,0,0,0,1
410,50,0,1,0,0,0,71,0,100,86,98,97,2,70,0,0,77,0,0,59,12,0,0,98,44,8,0,0,92,1,1
411,0,0,0,0,0,0,0,0,0,0,0,13,0,0,0,0,1,1,0,0,0,0,0,96,0,2,0,0,0,0,1
412,0,36,3,30,10,0,0,-23,68,0,9,0,100,0,0,0,0,0,0,0,10,33,0,96,7,5,0,0,0,0,1
413,15,0,0,0,0,0,2,60,89,65,1,43,0,0,0,0,3,0,0,3,0,0,0,92,0,0,0,0,0,0,1
414,0,0,0,0,0,0,0,0,0,0,0,0,12,0,0,0,0,0,0,0,0,0,0,85,0,1,0,0,0,0,0
415,59,0,0,0,0,0,0,0,94,69,1,0,0,0,0,0,88,0,54,100,0,9,0,98,0,0,24,0,0,3,0
416,0,0,0,0,0,0,0,0,0,0,0,0,0,0,0,0,0,0,0,0,0,0,0,14,0,0,0,0,0,0,0
417,0,0,0,58,0,0,0,-32,30,0,8,13,0,0,0,0,1,5,52,75,0,62,6,73,0,0,85,0,0,1,0
418,32,0,100,0,33,0,0,0,100,91,11,0,100,100,100,8,0,0,0,0,100,0,0,96,100,88,0,0,100,0,1
419,0,97,5,0,0,0,0,-100,94,0,98,1,38,11,1,100,7,0,0,0,0,0,0,97,0,3,0,0,0,0,1
420,0,92,100,100,82,0,0,-55,100,0,100,0,100,99,90,0,0,0,0,0,100,99,0,98,97,98,0,0,99,0,1
421,0,0,1,0,1,0,0,4,99,54,0,0,99,14,1,0,6,3,28,1,29,1,0,57,6,0,76,0,7,16,1
422,100,0,0,0,0,0,1,64,100,100,2,3,0,0,12,0,85,0,0,6,11,0,0,99,0,0,0,99,1,3,0
423,0,0,0,0,0,0,0,0,0,0,0,0,0,0,0,0,0,0,0,0,0,0,0,97,0,1,0,0,0,0,0
424,0,0,0,0,0,0,0,-26,41,0,9,1,0,0,0,0,0,0,94,16,0,0,0,99,0,0,97,0,0,0,0
425,0,98,15,1,0,0,0,-74,34,0,99,0,78,39,0,7,0,0,0,0,12,0,0,84,24,2,0,0,1,0,1
426,0,0,0,0,0,0,0,0,17,24,2,0,0,0,0,0,2,0,16,78,0,2,0,97,0,1,2,0,0,0,0
427,99,0,8,0,0,0,97,39,100,100,73,76,0,69,0,0,2,0,0,0,100,0,0,98,1,98,1,0,100,64,0
428,99,0,0,0,0,0,0,94,100,99,6,4,0,0,0,0,6,6,0,0,2,0,1,97,0,0,0,5,0,0,0
429,31,0,100,0,34,0,0,0,100,91,10,0,100,100,100,6,0,0,0,0,100,0,0,97,100,74,0,0,100,0,1
430,0,99,1,1,0,0,0,-51,32,0,100,0,89,0,1,0,0,0,0,0,0,0,0,91,0,2,1,0,0,0,1
431,0,0,0,0,0,0,0,0,0,0,0,0,0,0,0,0,0,0,0,0,0,0,0,10,0,0,0,0,0,0,0
432,0,94,0,1,8,0,0,-38,50,0,54,0,100,0,0,0,0,0,0,0,0,0,0,97,47,13,0,0,0,0,0
433,98,0,0,0,0,0,0,37,100,100,3,7,21,48,0,0,24,0,69,3,11,0,0,97,3,0,9,78,100,99,0
434,0,100,95,1,18,0,0,-55,100,0,100,0,100,57,0,30,0,0,0,0,4,0,0,99,100,1,0,0,97,0,1
435,0,4,99,1,84,0,0,-74,94,5,0,0,90,99,11,0,0,0,0,0,39,1,0,89,80,6,0,0,1,0,1
436,99,0,2,0,0,0,0,47,100,99,0,0,2,83,0,0,0,0,20,2,7,1,0,98,0,0,0,0,0,1,1
437,0,0,0,0,0,0,0,23,4,28,0,0,1,1,0,0,0,1,0,0,1,16,0,92,0,0,0,0,0,0,0
438,1,0,0,0,0,0,0,35,19,40,0,0,1,0,0,0,0,31,2,0,6,1,0,98,0,0,1,0,0,0,1
439,0,0,0,0,0,0,0,-29,44,0,1,9,0,0,0,0,0,6,88,46,0,0,0,97,1,0,97,14,5,0,0
440,100,0,0,0,0,0,0,30,100,100,18,1,0,0,0,0,9,2,97,97,0,0,0,99,0,0,100,0,0,98,0
441,0,0,0,0,0,0,14,0,34,0,0,88,0,0,0,3,0,1,2,0,0,0,0,98,0,0,22,0,0,0,0
442,0,1,0,0,0,0,0,-87,52,0,17,1,1,0,0,100,44,0,0,2,0,0,0,91,0,0,0,0,0,0,1
443,0,83,3,0,0,0,0,-24,100,14,82,18,79,0,0,0,0,0,0,0,1,0,0,98,8,0,0,0,0,0,1
444,0,99,100,1,56,0,0,-58,100,0,47,0,100,100,90,99,93,0,0,0,7,0,0,99,90,5,0,0,92,0,1
445,0,0,100,0,0,0,96,-30,100,26,94,99,2,98,3,0,0,0,0,0,84,4,0,99,58,28,0,0,35,0,1
446,0,17,29,2,57,0,0,-38,60,10,3,0,100,45,11,0,0,2,0,0,6,9,0,95,68,1,0,0,8,10,1
447,0,0,0,0,0,0,0,0,16,0,2,1,0,0,1,0,25,76,0,0,1,0,0,99,0,0,0,11,0,0,0
448,0,0,0,0,0,0,0,0,0,0,0,0,0,0,0,0,0,0,0,0,0,0,0,21,0,0,0,0,0,0,0
449,0,7,98,0,81,0,0,-69,89,19,7,0,100,100,21,0,0,0,0,0,30,0,0,98,91,5,0,0,1,0,1
450,0,0,50,0,21,0,0,-29,100,62,3,0,100,98,0,0,0,0,82,58,14,1,0,98,99,0,57,0,0,95,1
451,0,100,0,19,0,0,0,-74,85,0,99,0,99,1,0,25,1,0,0,0,0,28,0,97,1,1,8,0,0,0,1
452,0,77,89,1,11,0,0,-100,100,0,73,0,100,17,100,21,0,99,0,0,100,0,0,99,2,100,0,0,0,0,1
453,100,0,0,0,0,0,2,99,100,100,0,0,0,1,0,0,0,1,0,0,99,0,0,98,0,0,0,0,3,99,0
454,98,0,40,0,0,0,90,26,100,100,1,98,0,37,99,0,1,0,5,0,100,0,0,97,0,4,0,100,24,26,0
455,0,0,0,0,0,0,0,0,0,0,3,0,0,0,0,0,0,0,0,1,0,0,0,96,0,0,1,0,0,0,0
456,0,15,78,1,94,0,0,-54,82,3,0,0,100,66,0,0,0,0,0,0,21,0,5,95,95,0,2,0,0,0,1
457,0,0,3,0,0,0,99,-19,100,0,93,91,0,0,4,0,0,5,0,0,100,0,0,97,0,100,0,0,0,0,0
458,0,43,0,1,6,0,0,-23,50,0,8,0,100,0,0,0,0,0,0,0,0,0,0,85,2,0,0,0,0,0,0
459,99,0,0,0,0,0,18,47,100,100,6,48,0,1,58,0,40,0,2,20,56,0,0,97,0,10,0,66,8,0,0
460,0,20,0,0,0,0,0,-24,91,66,79,0,87,2,99,0,1,0,0,0,12,0,34,98,0,17,1,0,0,0,1
461,0,74,54,1,12,0,0,-100,100,0,66,0,99,3,81,38,0,0,0,0,100,0,0,99,1,100,0,0,0,0,1
462,0,0,0,0,0,0,0,0,0,0,0,0,0,0,0,0,0,0,0,0,0,0,0,99,0,0,0,0,0,0,1
463,0,0,3,99,0,0,84,14,100,0,1,100,0,0,0,0,0,36,0,0,100,100,0,97,0,19,0,0,49,0,1
464,0,61,98,0,0,0,0,-70,100,24,20,0,90,86,0,95,0,1,0,0,2,1,0,48,0,6,0,0,4,0,1
465,0,0,93,0,0,0,12,-48,66,0,0,0,4,9,100,0,0,1,0,0,100,1,0,95,0,99,0,0,2,0,0
466,100,0,0,0,0,0,2,89,100,100,0,6,0,1,5,0,21,0,0,3,73,0,3,86,0,17,1,1,58,1,0
467,100,0,57,0,0,0,6,21,100,100,15,3,1,99,0,0,36,0,3,30,100,0,0,87,32,26,4,0,100,99,0
468,0,0,3,0,0,0,1,0,79,0,0,0,20,0,0,0,0,0,0,0,99,0,0,98,0,36,0,0,0,0,0
469,0,0,0,0,0,0,1,-1,52,20,80,0,1,0,0,0,4,0,100,0,0,0,0,96,3,0,27,0,54,59,0
470,0,0,0,0,0,0,4,0,80,19,1,52,0,0,0,0,2,0,68,9,0,5,0,91,0,0,97,40,22,24,0
471,99,0,0,0,0,0,1,77,100,99,0,20,0,0,0,0,20,2,33,17,2,1,0,72,0,0,26,0,2,33,0
472,100,0,0,0,0,0,11,93,100,99,0,0,0,0,8,0,10,0,0,0,98,0,0,99,0,81,0,1,7,0,1
473,0,99,20,1,0,0,0,-57,100,0,98,0,99,7,0,0,0,0,0,0,17,0,0,98,7,70,0,0,1,0,1
474,0,0,0,0,0,0,3,-25,97,0,0,51,0,0,0,1,55,100,54,4,0,0,0,41,0,0,94,13,0,0,0
475,100,0,0,0,0,0,2,9,100,100,8,3,0,12,45,1,99,0,3,81,65,0,0,99,0,3,1,50,94,4,0
476,0,17,75,1,17,0,0,-63,95,0,11,0,99,29,39,1,0,0,0,0,43,0,0,62,0,37,0,0,0,0,1
477,0,100,1,1,0,1,0,-55,52,0,99,0,100,0,0,0,0,0,1,0,0,0,0,94,0,1,1,0,0,0,1
478,0,60,100,1,17,0,0,-95,100,0,69,1,99,94,75,1,0,9,0,0,100,0,0,76,11,100,0,0,12,0,1
479,0,15,75,0,0,0,1,-34,100,54,99,7,94,66,56,0,0,0,0,0,100,3,1,93,8,100,0,0,9,0,1
480,56,0,85,0,12,0,0,2,100,100,5,0,100,100,3,0,30,0,0,0,73,0,0,96,100,0,0,0,100,3,1
481,0,0,2,0,0,0,0,-69,61,0,0,0,0,15,2,92,0,1,0,0,3,0,0,85,0,3,0,0,0,0,1
482,100,0,0,0,0,0,0,87,100,100,0,3,0,0,24,0,0,0,0,0,25,0,0,95,0,1,0,0,0,7,0
483,0,100,98,1,1,0,0,-100,100,0,97,0,99,46,98,96,4,0,0,0,42,0,0,98,1,20,0,0,0,0,1
484,75,0,0,0,0,0,0,0,100,100,0,0,71,33,0,86,94,33,83,1,17,0,0,88,30,2,2,0,0,0,1
485,0,31,14,1,36,0,0,-22,100,0,0,0,100,4,1,0,1,2,0,0,0,0,0,97,39,0,0,0,2,0,1
486,0,0,0,0,0,16,8,-1,28,0,8,53,0,0,0,0,34,1,0,1,0,0,0,96,0,1,1,100,0,0,0
487,0,1,0,0,0,0,71,-23,67,0,83,100,0,0,0,10,0,4,2,0,0,0,0,42,0,24,3,0,0,0,0
488,0,0,0,0,0,0,0,-51,52,0,0,1,0,0,0,0,0,8,100,92,1,0,0,99,0,0,55,0,0,11,0
489,2,0,77,0,0,0,1,28,96,36,1,0,3,78,0,1,6,0,0,0,66,15,14,98,0,1,0,0,96,0,0
490,100,0,0,0,0,0,3,93,100,94,0,0,0,0,0,0,0,0,0,0,100,0,0,99,0,11,0,0,0,1,0
491,0,0,0,0,0,0,0,-42,7,0,17,0,0,0,0,63,0,0,0,1,1,0,0,96,0,1,0,0,0,0,0
492,0,0,1,0,0,0,0,0,0,0,0,1,0,0,2,0,0,8,2,0,10,0,0,97,0,3,0,1,0,0,0
493,3,0,20,0,0,0,0,12,100,84,3,0,100,69,0,0,5,0,1,3,13,0,0,96,41,0,0,0,2,1,1
494,100,0,78,0,0,0,20,17,100,100,2,37,0,59,94,0,1,0,3,0,100,0,0,97,0,0,0,45,9,77,0
495,24,0,0,0,0,0,1,71,91,66,2,32,0,0,0,0,0,0,1,55,1,2,2,99,0,0,2,0,60,16,0
496,0,0,11,98,0,0,0,-16,2,3,0,0,20,39,0,6,0,1,0,0,3,95,0,78,0,35,0,0,0,0,0
497,98,0,0,0,0,0,90,64,100,100,0,100,0,1,66,0,2,0,0,0,90,0,0,98,0,8,0,100,39,0,0
498,92,0,8,0,0,0,0,33,100,100,41,11,62,65,0,0,0,0,0,0,76,0,0,97,11,1,0,0,77,99,0
499,47,0,100,0,6,0,0,0,100,100,12,0,100,100,99,0,89,0,0,0,55,0,0,94,100,3,0,0,100,1,1
500,0,0,100,0,88,0,0,0,100,53,5,0,100,100,99,8,0,0,0,0,100,0,0,95,100,5,0,0,100,0,1
501,0,9,0,0,0,0,1,-18,0,0,92,0,0,0,0,0,1,0,0,3,0,0,0,99,0,0,0,0,0,0,0
502,100,0,0,0,0,0,9,86,100,100,16,5,0,2,0,0,0,0,0,24,100,0,0,96,0,42,0,0,67,18,0
503,99,0,0,0,0,0,2,5,100,100,90,9,0,0,0,0,13,0,100,98,0,0,0,86,0,0,100,1,0,100,0
504,0,7,64,0,1,0,0,-34,81,48,40,2,96,94,6,0,0,0,0,0,25,2,0,97,49,0,4,0,0,1,1
505,0,16,97,1,0,0,4,-100,98,0,91,0,52,34,99,0,0,0,0,0,100,0,0,96,0,100,0,0,0,0,1
506,0,0,0,0,0,0,0,-54,50,4,17,0,0,0,0,0,0,0,98,100,0,0,0,98,0,0,98,0,0,51,0
507,0,0,0,0,0,0,0,1,0,8,4,0,0,0,0,0,0,1,0,0,1,0,0,97,0,0,0,0,0,0,0
508,100,0,0,0,0,0,10,83,100,100,52,0,0,0,0,0,0,0,0,0,100,0,1,98,78,29,0,0,0,0,0
509,99,0,0,0,0,0,12,56,100,100,1,39,0,1,82,0,1,0,0,1,62,0,0,99,0,9,0,57,3,0,0
510,0,0,0,0,0,0,0,0,0,0,0,0,0,0,0,0,0,0,0,0,0,0,0,99,0,0,0,0,0,0,1
511,100,0,0,0,0,0,4,83,100,100,3,7,0,0,29,0,0,1,2,0,77,0,0,98,0,2,0,64,0,0,0
512,99,0,0,0,0,0,0,14,100,98,1,2,0,0,0,0,95,0,71,97,0,0,0,97,0,0,49,0,0,0,0
513,99,0,2,0,0,0,4,23,99,83,0,3,0,1,99,7,1,100,0,0,100,0,0,95,0,18,0,0,0,0,0
514,0,0,23,98,0,0,1,1,100,3,0,1,0,1,0,0,0,100,0,0,75,97,0,98,2,2,0,0,10,0,0
515,0,9,100,1,96,0,0,-67,100,6,0,0,100,100,0,0,0,1,0,2,33,0,0,99,100,8,0,0,7,0,1
516,0,0,0,0,0,14,84,-18,50,0,95,100,0,0,0,0,0,0,0,0,0,0,0,99,0,0,0,100,0,0,0
517,0,0,0,94,0,0,18,-20,100,0,0,88,0,0,0,0,100,21,2,0,0,84,0,99,0,1,1,33,0,0,0
518,0,0,1,0,0,0,1,0,1,0,1,12,0,0,0,0,0,2,0,0,20,0,0,44,0,3,0,9,0,0,0
519,80,0,0,0,0,0,0,75,100,98,0,0,73,1,0,0,0,0,4,0,54,0,0,98,12,1,0,0,98,26,1
520,0,0,0,0,0,4,51,0,51,0,14,100,0,0,0,0,0,1,0,0,0,0,0,92,0,0,0,100,0,0,0
521,0,0,0,0,0,0,0,0,0,0,0,2,0,0,0,0,0,0,5,1,0,0,0,98,0,0,41,0,0,8,0
522,0,7,100,0,93,0,0,-38,100,14,1,0,100,100,79,8,1,0,0,0,32,0,0,94,100,0,0,0,100,0,1
523,0,0,74,0,0,0,0,-100,97,0,0,0,0,51,47,99,0,45,0,0,0,0,0,93,0,1,0,0,0,0,1
524,23,0,0,0,2,0,0,0,100,87,2,0,90,5,0,97,90,25,5,0,70,0,0,69,62,14,0,0,0,0,1
525,0,7,13,1,1,0,0,0,100,0,3,1,74,6,0,0,1,0,0,0,0,1,83,97,1,1,0,0,56,0,1
526,0,0,3,0,0,0,95,-69,100,0,5,91,0,0,4,100,0,95,0,0,100,0,0,98,0,100,0,0,0,0,0
527,0,100,1,1,0,0,0,-100,99,0,99,0,100,5,10,70,0,0,0,0,10,0,0,98,3,0,0,0,0,0,1
528,0,29,10,98,88,0,0,0,100,0,2,0,100,0,0,0,2,0,15,0,0,80,0,97,91,0,0,0,90,2,1
529,99,0,2,0,0,0,83,38,100,100,1,87,0,17,95,0,3,0,3,0,100,0,0,97,0,1,0,100,43,50,0
530,0,42,100,1,44,0,0,-35,100,0,11,0,100,97,3,0,1,1,0,0,6,0,0,91,51,0,0,0,100,0,1
531,0,5,100,1,96,1,0,-27,100,13,16,0,100,99,0,0,1,0,8,2,63,1,84,93,100,1,0,0,96,85,1
532,0,0,0,0,0,0,0,-58,22,0,4,3,1,0,0,80,20,0,0,0,0,0,0,40,0,0,0,0,0,0,1
533,0,99,16,10,9,0,0,-2,100,10,98,0,100,9,0,0,0,13,0,0,24,28,0,99,84,0,0,0,99,0,1
534,99,0,11,0,0,0,76,18,100,100,5,76,0,45,95,0,1,0,21,0,100,0,0,97,0,2,0,98,4,24,0
535,51,0,100,0,2,0,0,0,100,100,38,0,100,100,100,0,100,0,0,0,62,0,0,95,100,13,0,0,100,7,1
536,0,0,0,0,0,0,0,-10,23,6,0,9,4,1,0,1,74,0,2,17,11,3,0,77,0,0,35,0,5,1,0
537,0,0,0,0,0,0,0,0,0,0,5,3,0,0,0,0,0,0,0,0,0,0,0,96,0,0,0,20,0,0,0
538,0,100,10,1,15,1,0,-55,100,0,100,0,100,1,0,0,0,21,0,2,0,0,0,93,98,1,0,0,0,0,1
539,0,0,0,0,0,0,0,16,9,34,2,1,0,1,0,0,39,0,0,1,1,1,0,95,0,0,2,0,0,2,0
540,0,0,0,0,0,33,1,0,3,0,1,14,0,0,0,0,0,1,0,37,0,0,0,98,0,1,0,97,0,0,0
541,0,39,100,1,38,0,0,-35,100,0,10,0,100,98,2,0,0,1,0,0,8,0,8,91,43,0,0,0,100,0,1
542,0,0,1,0,0,0,66,3,77,10,0,80,0,2,0,0,0,0,1,0,37,0,0,82,0,92,1,15,0,0,0
543,0,0,0,0,0,0,5,0,7,0,3,64,0,0,0,0,0,0,0,0,0,0,0,98,0,0,0,0,0,0,0
544,0,95,3,1,3,0,0,-70,100,0,100,1,100,0,1,19,0,0,0,1,100,0,0,99,0,17,0,0,0,0,1
545,0,0,0,0,0,0,1,0,1,5,0,29,0,0,3,0,1,0,0,0,2,0,0,97,0,8,0,0,0,0,0
546,99,0,7,0,0,0,83,36,100,100,1,89,0,44,75,0,0,0,1,0,99,0,0,97,0,0,0,93,32,18,0
547,16,0,9,0,0,0,1,50,61,53,7,4,1,56,0,1,1,0,1,0,44,12,0,96,3,5,0,0,80,0,0
548,0,100,57,1,1,0,0,-100,100,0,96,1,99,59,0,81,28,1,0,0,1,0,0,83,11,1,0,0,0,0,1
549,0,0,99,0,0,0,0,-18,100,32,8,1,31,100,16,0,97,0,0,7,2,0,0,98,87,3,0,0,100,1,1
550,0,0,0,0,0,0,0,0,0,0,0,0,0,0,0,0,0,0,0,0,0,0,0,34,0,0,0,0,0,0,0
551,0,0,1,0,0,0,0,-25,52,0,0,2,0,2,1,3,99,63,3,0,0,0,0,98,0,0,2,0,0,0,0
552,0,92,0,1,7,0,0,-27,50,0,49,0,100,0,0,0,0,0,0,0,0,0,0,95,39,8,0,0,21,0,0
553,0,0,1,0,0,0,1,-15,12,0,14,0,0,0,0,0,0,0,72,2,55,0,0,96,0,0,0,0,0,0,0
554,0,30,0,1,8,0,0,-20,51,0,1,0,100,0,0,0,0,0,0,0,1,0,0,88,3,0,0,0,0,0,0
555,0,0,5,0,0,0,1,-1,20,1,0,1,0,0,28,0,0,0,1,0,80,0,0,98,0,0,0,0,0,0,0
556,100,0,0,0,0,0,0,65,100,100,0,1,0,1,0,0,96,10,6,8,17,0,0,93,0,0,16,24,99,100,0
557,0,0,1,0,0,0,0,0,0,0,0,1,0,0,3,0,0,0,1,0,15,0,9,46,0,0,0,0,0,0,1
558,100,0,0,0,0,0,1,16,100,100,82,0,1,1,0,0,99,0,16,67,3,0,0,98,1,0,3,0,5,19,1
559,0,84,100,1,11,0,0,-88,100,10,98,0,100,99,100,0,0,1,0,0,100,3,0,99,36,100,0,0,0,0,1
560,84,0,0,0,0,0,23,91,100,97,0,99,0,0,0,0,0,21,6,8,0,0,0,89,0,0,2,8,0,0,0
561,0,32,0,4,59,0,0,-30,85,0,2,0,100,1,0,0,25,0,1,1,0,13,0,94,60,0,0,0,0,0,1
562,100,0,0,0,0,0,0,70,100,100,0,0,1,54,0,0,0,0,2,1,15,0,0,99,1,0,0,0,4,1,1
563,0,0,0,0,0,0,0,0,6,6,0,0,0,3,0,0,1,59,0,0,2,0,0,68,0,0,0,0,2,0,0
564,0,0,0,0,0,17,0,0,0,0,1,1,0,0,0,0,0,8,0,0,1,0,0,97,0,1,0,85,0,0,0
565,0,25,7,1,64,0,0,-12,100,3,2,0,100,2,1,0,0,81,2,0,5,3,0,98,64,0,0,0,16,6,1
566,15,0,34,0,1,0,0,21,100,82,0,0,93,91,0,0,0,0,4,1,96,16,0,99,3,4,8,0,97,9,1
567,0,1,100,5,96,0,0,-94,100,5,0,0,97,100,91,0,1,0,0,0,96,17,1,96,59,16,0,0,0,8,1
568,0,0,0,1,0,0,46,-100,100,0,60,98,0,0,0,71,0,1,90,38,0,10,0,98,0,0,86,0,0,2,0
569,0,0,0,91,0,0,1,0,1,3,0,7,0,0,0,0,0,0,15,22,25,83,0,71,0,0,3,0,0,2,0
570,0,0,0,0,0,0,12,0,19,0,10,80,0,0,0,0,0,0,0,0,0,0,0,96,0,1,0,9,0,0,0
571,100,0,0,0,0,0,1,56,100,100,17,2,0,1,1,0,51,16,62,5,54,0,2,99,0,0,12,0,72,78,1
572,0,0,0,0,0,1,1,0,0,0,0,13,0,0,0,0,2,1,4,0,0,0,0,96,0,1,34,53,0,0,0
573,0,0,97,1,0,0,1,-21,54,1,8,29,3,99,1,1,0,0,0,0,3,11,0,97,21,11,0,0,55,0,1
574,0,1,100,1,83,0,0,-60,100,1,4,0,93,74,92,0,0,0,24,0,97,3,0,88,34,0,0,0,83,1,1
575,0,0,0,0,0,0,0,0,0,0,0,0,3,2,0,4,0,0,0,22,0,2,0,79,5,0,0,0,0,0,0
576,0,0,0,0,0,0,0,0,0,0,0,1,0,0,0,0,0,4,1,1,0,0,0,98,0,0,59,0,0,0,0
577,0,0,0,98,0,2,7,-20,97,0,0,57,0,0,0,0,92,5,8,0,0,96,0,92,0,0,9,82,0,0,0
578,100,0,0,0,0,0,5,82,100,100,0,15,0,32,0,0,0,82,3,0,99,0,0,73,0,6,0,0,0,96,0
579,0,0,0,0,0,0,0,0,0,0,0,2,0,0,0,0,0,0,0,0,0,0,0,93,0,1,0,3,0,0,0
580,0,0,0,0,0,0,0,-24,51,0,1,1,0,0,0,0,0,100,41,71,1,0,0,98,0,0,85,0,0,0,0
581,100,0,0,0,0,0,0,89,100,100,0,2,0,0,0,0,31,9,1,2,30,0,0,92,0,0,10,7,0,96,0
582,0,44,100,91,86,0,0,-95,100,0,59,0,100,66,8,0,37,38,0,0,100,63,0,86,69,97,0,0,0,1,1
583,99,0,7,0,0,0,76,30,100,100,1,79,0,36,94,0,0,0,4,0,100,0,0,96,0,0,0,98,1,8,0
584,0,29,100,2,91,0,0,-76,100,2,4,0,100,100,0,0,0,0,1,0,4,4,93,98,100,1,0,0,0,0,1
585,0,0,0,0,0,0,4,-69,99,0,0,61,0,0,0,0,47,85,96,99,0,0,0,73,0,0,100,0,0,1,0
586,0,0,0,0,0,0,0,0,0,0,5,0,0,0,0,0,0,5,20,1,0,0,0,96,0,0,0,0,0,0,0
587,0,0,0,0,0,0,0,3,1,20,0,0,0,0,0,0,0,0,37,0,0,0,0,99,0,1,27,19,0,1,0
588,0,99,1,28,3,1,0,-84,100,0,100,0,100,0,0,0,0,0,42,46,0,32,0,96,4,0,30,0,0,0,1
589,100,0,0,0,0,0,8,68,100,98,67,0,0,20,0,0,0,0,0,0,96,0,0,64,0,4,40,0,63,96,0
590,0,0,0,0,0,33,1,0,0,0,0,12,0,0,0,0,1,0,0,0,0,0,0,96,0,2,0,98,0,0,0
591,100,0,0,0,0,0,4,94,100,100,8,0,0,5,0,0,0,0,0,0,99,0,0,96,0,15,0,0,0,1,0
592,0,94,0,1,0,0,0,-41,23,0,74,0,82,1,0,0,1,0,1,0,0,0,0,98,0,1,1,0,0,0,1
593,0,1,0,0,0,0,1,-2,0,0,47,0,0,0,0,0,0,4,0,0,2,0,0,95,0,0,0,0,0,0,0
594,0,0,0,0,0,0,0,-27,10,0,2,0,0,0,0,0,0,69,60,59,0,1,0,95,0,0,98,0,0,0,0
595,100,0,0,0,0,0,2,44,100,100,0,0,1,2,98,0,2,9,5,0,98,0,0,98,0,0,13,0,0,2,0
596,99,0,0,0,0,0,0,53,100,100,1,8,8,6,0,0,64,1,60,6,1,0,0,97,0,0,94,67,6,34,0
597,0,100,0,1,0,0,0,-100,100,0,98,0,99,1,0,100,0,0,0,0,0,0,0,98,0,0,0,0,0,0,1
598,0,97,0,98,7,0,0,-67,97,0,77,0,100,0,0,3,0,0,2,50,0,77,0,93,8,0,12,0,0,4,1
599,0,0,0,0,0,0,0,0,0,0,0,3,0,0,0,0,2,0,0,0,0,0,0,98,0,0,0,0,0,0,0
600,0,2,1,1,1,0,0,-7,8,0,0,0,63,1,0,0,0,2,0,0,4,0,0,98,12,2,0,0,0,0,1
601,0,0,1,0,0,0,1,-27,3,0,0,0,0,0,0,52,0,1,0,0,51,0,0,99,0,36,0,0,0,0,0
602,34,0,90,0,5,0,0,8,100,92,25,0,95,100,2,0,0,2,0,0,78,5,0,80,90,21,0,0,26,16,1
603,100,0,100,0,0,0,13,0,100,98,0,0,3,100,100,0,1,47,0,0,100,0,0,98,43,100,0,0,100,0,1
604,14,0,0,0,0,0,0,47,66,55,9,3,0,0,0,0,0,0,6,0,16,0,0,98,0,0,1,0,0,1,1
605,0,0,0,0,0,0,26,0,28,0,43,86,0,0,0,0,0,0,0,0,0,0,0,88,0,1,0,1,1,0,0
606,0,0,0,0,0,0,0,0,0,0,0,0,0,0,0,0,0,0,0,0,0,0,0,98,0,1,0,2,0,0,0
607,0,0,0,0,0,0,0,0,0,0,2,7,0,0,0,0,0,0,0,0,0,4,0,95,0,0,0,0,0,0,0
608,2,10,3,0,3,0,0,0,100,71,100,0,100,18,0,0,0,0,0,0,100,3,0,99,89,27,0,0,6,0,1
609,0,96,100,1,87,0,0,-97,100,3,80,0,100,96,99,88,1,1,0,0,100,0,0,96,93,100,0,0,0,0,1
610,100,0,0,0,0,0,7,51,100,100,5,22,0,0,71,0,1,0,2,26,32,0,0,98,0,33,1,99,0,0,0
611,0,87,100,1,20,0,0,-98,100,0,91,0,100,91,89,0,0,0,0,0,100,0,0,82,32,100,0,0,5,0,1
612,0,0,0,0,0,0,14,0,29,0,1,87,0,0,0,1,0,0,0,0,1,0,100,96,0,0,0,7,0,0,0
613,0,0,0,0,0,12,87,-20,50,0,100,100,0,0,0,0,0,0,0,0,0,0,0,96,0,7,0,99,0,0,0
614,100,0,13,0,0,0,12,66,100,100,10,4,0,59,0,0,0,0,0,0,100,0,0,98,1,67,0,0,100,91,0
615,0,0,0,0,0,0,1,-11,0,0,48,0,0,0,0,0,0,0,14,13,0,0,0,98,0,0,82,0,0,0,0
616,0,0,0,0,0,31,1,-3,11,0,0,20,0,0,0,0,51,4,0,0,0,0,0,96,0,2,1,99,0,0,0
617,95,0,0,0,0,0,0,42,99,85,1,0,0,0,0,0,18,0,13,100,0,9,0,96,0,0,6,0,0,2,0
618,0,0,0,0,0,0,0,17,2,23,0,1,0,0,0,0,2,0,1,0,0,0,0,98,0,0,0,1,0,0,1
619,94,0,0,0,0,0,0,80,99,82,1,1,0,0,2,0,1,7,0,0,12,0,0,92,0,1,0,0,0,0,0
620,100,0,0,0,0,0,12,99,100,100,0,0,0,1,1,0,0,0,0,0,97,0,0,92,0,92,0,0,1,2,0
621,100,0,0,0,0,0,1,95,100,100,0,1,0,0,8,0,0,0,0,0,42,0,0,95,0,34,0,1,0,0,0
622,0,2,0,0,0,0,0,-7,2,0,15,0,46,0,0,0,1,0,0,1,0,0,0,97,1,0,0,0,0,0,1
623,0,0,0,0,0,0,0,5,0,10,0,4,0,0,0,0,0,0,1,0,8,0,0,98,0,0,0,2,0,0,0
624,0,0,0,95,0,0,8,-25,80,1,0,56,0,0,0,0,1,0,56,63,41,88,0,93,0,0,0,0,0,1,0
625,84,0,0,0,0,0,52,95,100,96,1,97,0,0,1,0,0,97,0,0,0,0,0,96,0,21,0,100,0,0,0
626,100,0,7,0,0,0,1,42,100,100,1,0,0,29,79,0,0,0,1,0,29,0,0,95,0,17,2,0,100,0,1
627,0,0,0,0,0,0,0,-2,2,0,4,1,0,0,0,0,0,0,42,5,0,8,0,98,0,0,100,0,0,0,0
628,100,0,20,0,0,0,3,47,100,100,0,0,0,98,1,0,0,0,0,0,97,0,0,97,2,8,8,0,36,88,1
629,100,0,0,0,0,0,2,58,100,92,1,0,0,1,60,0,0,99,1,0,96,0,0,68,0,1,0,1,0,0,0
630,0,0,100,0,0,0,0,-84,100,2,2,0,5,98,3,97,0,0,84,0,18,1,0,98,0,2,0,0,31,0,1
631,0,1,0,0,0,0,1,-75,50,0,80,0,0,0,0,2,57,0,20,100,0,0,0,99,0,0,91,0,0,0,0
632,57,0,88,0,2,0,0,13,100,100,0,12,99,100,5,0,0,0,0,0,99,0,0,98,57,5,0,0,14,53,1
633,97,0,0,0,0,0,0,39,100,88,34,2,0,0,0,0,0,0,100,18,0,0,0,97,0,0,100,0,0,99,0
634,0,0,3,0,0,0,21,-8,50,0,55,0,0,0,1,4,0,17,0,0,100,0,0,96,0,65,0,0,0,0,0
635,46,2,100,0,1,0,0,0,100,94,65,0,100,100,100,95,96,0,0,5,100,0,0,99,79,99,0,0,85,0,1
636,100,0,0,0,0,0,1,78,100,100,60,1,0,1,0,0,6,0,2,0,14,0,0,98,1,0,0,17,0,2,0
637,0,0,0,0,0,0,12,0,14,0,25,74,0,0,0,0,0,0,0,0,0,0,0,94,0,3,0,0,0,0,0
638,100,0,0,0,0,0,1,97,100,99,0,0,0,0,0,0,1,0,7,0,43,0,0,98,0,11,0,0,15,1,0
639,89,0,0,0,0,0,26,85,100,98,21,94,0,0,3,0,12,0,0,3,1,0,0,95,0,1,0,0,0,0,1
640,100,0,0,0,0,0,0,74,100,100,12,1,0,5,3,0,1,0,52,3,19,0,1,95,2,3,77,0,95,2,1
641,0,0,1,0,0,7,1,0,34,0,0,0,0,0,2,0,0,91,0,0,8,0,0,46,0,20,0,82,0,0,1
642,0,80,0,1,12,0,0,-70,95,0,20,0,100,0,0,40,25,0,7,2,0,0,0,95,27,1,0,0,0,0,1
643,0,0,0,0,0,0,1,-37,13,0,52,0,0,0,0,0,0,3,73,25,0,0,0,99,0,0,96,0,0,0,0
644,0,0,92,0,0,0,0,-24,53,18,0,0,6,100,2,0,0,0,0,0,2,0,0,96,28,0,0,0,3,0,1
645,0,21,100,1,90,0,0,-46,100,7,4,0,100,100,68,1,1,0,0,0,8,0,0,94,100,0,0,0,100,1,1
646,0,0,97,0,0,0,0,-35,89,12,0,0,11,99,4,0,0,2,0,0,30,0,0,99,6,1,0,0,0,0,1
647,0,92,100,1,88,0,0,-100,100,0,68,0,100,100,100,86,90,1,0,0,100,0,0,97,79,100,0,0,0,0,1
648,0,0,0,0,0,3,44,0,50,0,1,100,0,0,0,0,0,0,1,0,0,0,0,96,0,0,3,99,2,0,0
649,0,0,0,0,0,0,0,1,0,11,0,0,0,0,0,0,1,0,12,0,0,0,0,99,0,3,66,11,0,2,0
650,0,0,4,0,1,0,0,0,94,49,0,0,91,30,17,0,0,2,1,0,46,3,1,95,6,1,0,0,0,3,1
651,16,0,0,0,1,0,0,0,100,94,5,0,95,6,0,64,72,9,14,0,10,0,0,74,80,0,0,0,0,0,1
652,99,0,0,0,0,0,96,67,100,100,93,66,0,3,0,0,3,0,0,2,100,0,0,51,0,82,0,0,1,61,0
653,0,99,0,2,1,1,0,-61,65,0,95,0,99,0,0,0,10,1,6,10,0,2,0,94,3,0,96,0,0,1,1
654,0,3,99,1,99,0,0,-71,99,2,0,0,100,94,0,0,0,0,0,0,73,0,41,97,88,2,0,0,0,0,1
655,100,0,0,0,0,0,0,35,100,100,7,0,0,0,0,0,3,0,94,99,1,0,0,98,0,0,9,0,19,99,0
656,0,0,0,0,0,0,0,-24,46,0,14,0,0,0,0,0,0,0,98,2,1,3,0,95,0,0,49,0,0,98,0
657,0,0,1,0,0,0,0,-35,54,0,0,0,0,10,9,9,93,89,0,0,0,0,100,99,0,0,1,0,0,0,0
658,0,1,0,0,0,0,1,-80,65,0,98,0,0,0,0,0,13,0,65,100,0,0,0,94,2,0,64,0,0,0,0
659,58,2,100,0,0,0,0,0,100,97,99,0,100,100,100,0,2,0,0,0,100,0,0,99,46,100,0,0,1,0,1
660,0,0,6,0,0,0,8,0,29,0,0,0,0,0,15,0,0,0,0,0,88,0,0,70,0,79,0,1,0,0,0
661,0,0,0,0,0,0,0,0,0,0,0,0,14,0,0,3,0,0,0,0,0,0,0,94,0,1,0,0,0,0,0
662,67,0,3,0,0,0,36,57,100,89,0,100,0,77,0,3,1,0,0,0,21,3,0,98,1,6,0,0,100,0,0
663,24,0,68,0,2,0,0,7,100,99,4,0,100,100,9,0,8,0,0,0,4,0,0,95,100,0,0,0,100,29,1
664,0,0,0,0,0,0,0,-15,10,0,15,0,0,0,0,0,2,0,1,69,0,0,0,71,0,0,51,0,0,1,0
665,100,0,0,0,0,0,0,70,100,100,0,2,0,0,0,0,85,12,1,7,6,0,0,91,0,0,62,1,0,89,0
666,100,0,2,0,0,0,6,0,100,100,6,0,1,98,0,0,50,0,60,93,100,0,0,93,69,47,0,0,100,85,0
667,0,0,0,0,0,0,0,0,0,0,0,0,1,0,0,0,0,0,0,0,0,0,0,92,0,0,0,2,0,0,0
668,66,0,0,0,2,0,0,0,100,97,2,0,89,7,0,99,98,41,40,2,85,0,0,89,66,32,1,0,0,0,1
669,30,0,90,0,27,0,0,3,100,92,0,0,100,100,1,0,6,0,12,2,82,0,97,99,100,0,0,0,6,17,1
670,28,0,0,0,0,0,0,21,100,100,33,0,100,2,0,14,68,2,10,1,7,0,0,88,97,0,1,0,2,0,1
671,0,0,0,3,0,0,4,-21,98,0,2,58,0,0,0,0,99,0,1,0,0,26,0,92,0,2,0,1,0,1,0
672,9,0,8,0,0,0,0,13,93,66,0,0,54,63,1,0,0,0,0,0,74,1,0,92,1,0,0,0,0,5,1
673,0,0,2,0,0,0,2,0,20,0,0,0,0,0,3,0,0,1,0,0,80,0,0,63,0,4,0,0,16,0,1
674,100,0,0,0,0,0,0,30,100,100,3,0,1,8,1,0,78,15,97,27,17,0,1,97,5,0,82,0,100,82,1
675,98,0,0,0,0,0,94,94,100,100,3,95,0,0,7,0,4,1,0,0,97,0,0,98,0,36,0,100,0,0,0
676,0,100,1,1,0,1,0,-54,48,0,99,0,98,0,0,0,0,0,1,0,0,0,0,93,0,1,0,0,0,0,1
677,0,2,100,1,99,0,0,-80,100,2,1,0,100,100,78,0,0,0,0,0,87,0,17,96,100,3,0,0,40,1,1
678,100,0,0,0,0,0,0,91,100,100,3,2,0,5,3,0,0,0,8,1,5,0,7,98,2,1,61,0,83,9,1
679,0,0,0,0,0,0,0,21,3,26,0,1,0,0,0,0,0,7,0,0,5,0,0,98,0,0,0,0,0,0,0
680,0,0,85,0,0,0,0,0,100,72,0,31,89,100,2,0,78,0,37,6,5,8,0,98,74,7,43,0,87,74,1
681,0,0,1,0,0,0,0,0,39,0,0,0,0,1,2,14,0,93,0,0,7,0,0,75,0,1,0,0,0,0,0
682,100,0,0,0,0,0,2,83,100,100,0,7,0,0,0,0,48,2,2,0,68,0,0,90,0,1,11,19,0,99,0
683,0,0,0,0,1,61,1,-45,76,0,9,17,0,0,0,0,0,0,100,70,0,6,0,94,1,0,100,100,3,36,0
684,91,0,0,0,0,0,29,82,100,100,24,96,0,0,8,0,15,0,0,5,1,0,0,94,0,3,0,0,0,0,1
685,0,1,0,0,0,0,0,-11,0,0,46,1,13,0,0,5,0,3,3,0,0,0,0,98,0,0,0,0,0,0,1
686,0,26,100,1,94,0,0,-60,100,0,2,0,100,97,0,0,0,1,0,0,11,0,2,97,100,3,0,0,36,0,1
687,0,0,0,3,0,0,0,0,0,1,0,0,0,0,0,0,20,12,0,0,4,28,0,86,0,0,9,1,0,61,0
688,0,92,100,100,35,0,0,-99,100,0,100,0,100,100,97,0,0,1,0,0,100,99,0,98,55,100,0,0,1,1,1
689,0,0,0,0,0,0,0,0,0,0,0,3,0,0,0,0,0,0,0,0,0,0,0,97,0,12,0,7,0,0,0
690,99,0,15,0,0,0,45,21,100,100,3,70,0,33,95,0,1,0,30,0,100,0,0,98,0,0,0,1,9,74,0
691,100,0,0,0,0,0,0,78,100,100,6,3,1,6,8,0,1,0,36,0,5,0,0,98,1,1,35,0,53,16,1
692,0,84,100,1,65,0,0,-46,100,0,39,0,100,98,4,0,1,0,0,0,4,0,14,98,93,0,0,0,100,0,1
693,0,100,0,1,0,0,0,-80,91,0,94,0,98,0,0,34,3,0,0,0,0,0,0,90,2,0,0,0,0,0,1
694,0,0,0,0,0,0,0,0,0,1,0,0,0,0,0,0,0,0,0,0,0,0,0,98,0,0,0,0,0,0,1
695,34,0,97,0,0,0,0,36,100,67,0,0,25,100,4,0,1,0,0,1,49,0,0,99,5,3,0,0,99,1,1
696,0,1,99,0,65,0,0,-32,100,43,0,0,100,100,2,0,0,0,4,5,32,1,10,96,98,0,24,0,1,16,1
697,0,87,1,1,4,0,0,-94,100,0,18,1,93,1,0,99,0,0,0,0,11,0,0,85,6,23,0,0,12,0,1
698,0,28,0,16,7,0,0,-86,96,0,72,0,54,3,1,17,46,0,0,92,7,34,0,77,1,3,0,0,10,0,1
699,0,100,11,2,16,1,0,-16,100,0,100,1,100,1,0,0,0,0,1,0,2,7,0,99,100,1,0,0,85,0,1
700,0,23,4,62,30,0,0,-16,92,6,2,0,100,4,0,0,0,3,2,0,1,50,0,97,43,0,0,0,0,1,1
701,0,0,0,0,0,0,0,0,0,4,0,0,1,0,0,0,1,0,0,0,2,1,0,96,0,0,0,0,0,0,0
702,0,100,1,1,0,0,0,-100,100,0,91,1,100,2,0,87,0,0,0,0,4,0,0,93,1,2,0,0,0,0,1
703,0,0,0,0,0,0,0,0,0,0,1,0,0,0,0,0,0,0,1,0,0,0,0,99,0,0,1,0,0,0,0
704,0,0,0,0,0,0,1,-100,53,0,85,2,0,0,0,0,96,34,96,100,0,3,0,77,0,0,100,0,0,25,0
705,0,0,0,7,0,0,4,-73,87,3,91,26,0,0,0,0,0,0,100,73,1,37,0,98,0,0,100,0,0,99,0
706,0,0,100,0,0,0,0,-55,100,0,0,0,7,86,30,0,0,98,1,0,1,0,0,95,1,16,0,0,0,0,0
707,0,2,18,0,74,0,0,24,100,37,20,0,100,23,0,0,0,0,1,0,55,7,40,98,100,0,0,0,100,5,1
708,0,3,0,0,0,0,2,-19,0,0,87,5,0,0,0,0,0,1,7,3,0,0,0,57,0,0,18,20,0,0,0
709,0,3,98,1,28,0,0,-66,96,0,4,6,88,83,3,0,0,0,0,0,57,0,0,97,22,6,0,0,1,0,1
710,0,36,1,1,2,0,0,-25,41,0,21,0,88,3,0,0,0,0,1,0,7,3,0,86,3,3,0,0,0,0,0
711,0,0,0,0,0,6,14,0,9,0,0,67,0,0,0,0,0,0,0,0,0,0,0,97,0,5,0,97,0,0,0
712,99,0,0,0,0,0,77,95,100,100,2,80,0,0,4,0,1,3,2,2,91,0,0,99,0,9,1,100,0,0,0
713,2,0,0,0,0,0,0,28,25,42,0,0,10,14,1,0,0,0,1,0,38,1,0,96,0,1,0,0,0,1,1
714,0,100,1,1,0,0,0,-100,100,0,99,0,100,0,0,85,0,0,1,0,28,0,0,99,4,12,12,0,0,4,1
715,0,0,1,0,0,0,0,0,0,0,1,0,17,7,0,1,1,6,1,0,3,0,0,97,0,6,0,0,0,0,1
716,100,0,0,0,0,0,4,82,100,100,15,6,0,1,23,0,0,4,2,0,89,0,0,99,0,9,0,19,0,0,0
717,0,0,0,0,0,0,0,0,0,0,0,0,0,0,0,0,0,0,1,0,0,0,0,98,0,4,0,0,0,0,0
718,0,1,8,86,0,0,0,-15,5,11,1,0,57,37,0,0,0,0,2,1,0,73,0,85,12,3,1,0,1,0,0
719,0,0,0,99,0,0,0,-12,17,0,0,0,43,0,0,0,0,0,35,0,0,100,0,83,0,17,39,0,0,16,0
720,100,0,70,0,0,0,54,20,100,100,1,56,0,49,100,0,1,0,3,0,100,0,0,97,0,7,0,100,97,88,0
721,100,0,0,0,0,0,0,91,100,100,0,0,0,0,0,0,9,0,19,0,20,0,0,96,0,0,0,0,1,17,0
722,0,0,2,0,0,0,1,0,11,14,0,0,0,0,23,0,0,0,0,0,70,0,0,94,0,0,0,3,0,0,0
723,0,0,0,0,0,0,0,0,1,8,0,0,17,0,0,0,0,0,0,0,11,0,0,93,0,1,0,0,0,0,1
724,0,0,0,81,0,0,7,-22,50,0,28,3,0,0,0,0,0,1,8,71,97,73,0,97,0,28,9,1,0,0,0
725,100,0,75,0,0,0,14,52,100,100,0,2,0,90,0,0,0,1,0,0,100,0,0,47,6,91,0,0,100,79,0
726,100,0,0,0,0,0,0,32,100,100,12,1,0,0,0,0,8,0,95,100,0,0,0,97,0,0,100,0,0,97,0
727,0,0,0,1,0,0,0,0,0,0,0,0,4,0,0,0,0,0,0,0,0,16,0,87,1,0,0,0,1,0,0
728,60,0,95,0,6,0,0,0,100,98,38,2,100,100,19,0,0,0,0,0,99,0,0,90,95,52,0,0,46,1,1
729,100,0,78,0,0,0,4,49,100,100,1,13,0,94,2,0,0,0,0,0,83,0,0,90,0,12,0,0,100,95,0
730,99,0,0,0,0,0,0,64,100,98,1,0,0,0,0,0,0,0,8,98,0,0,0,90,0,0,17,0,0,1,0
731,0,90,5,1,5,0,0,-62,100,0,95,0,100,0,16,0,0,97,0,0,100,0,0,95,3,100,0,0,0,0,1
732,0,0,100,0,0,0,0,-79,89,0,0,0,17,100,52,0,4,29,0,1,10,0,0,95,1,0,0,0,0,0,1
733,0,0,0,0,0,6,68,-2,52,0,46,100,1,0,0,0,0,1,0,1,0,0,0,63,0,7,1,100,0,0,0
734,0,93,0,1,2,0,0,-61,91,0,40,0,100,0,0,32,0,0,4,0,0,0,0,95,6,19,2,0,0,0,1
735,0,11,100,0,0,0,22,-93,73,5,98,96,36,100,18,0,0,0,0,0,10,0,0,95,80,7,0,0,1,0,1
736,0,0,0,0,0,0,1,-61,34,0,57,1,0,0,0,0,0,2,72,90,0,1,0,99,0,0,90,0,0,3,0
737,98,0,0,0,0,0,97,86,100,100,18,100,0,15,0,0,0,0,0,0,100,0,0,85,0,100,0,1,68,4,0
738,0,0,0,0,0,0,0,-12,12,0,0,0,1,0,0,0,1,2,71,5,0,0,0,97,0,0,4,0,0,0,1
739,0,79,100,1,96,0,0,-100,100,0,45,0,100,98,100,100,2,58,0,0,100,0,7,99,84,100,0,0,1,0,1
740,100,0,5,0,0,0,2,30,100,100,0,1,1,32,100,0,0,0,0,0,100,0,0,94,0,2,0,0,7,0,0
741,0,0,12,0,0,0,0,-71,51,0,0,0,0,2,81,34,32,99,1,0,0,0,0,98,0,0,1,0,0,0,0
742,93,0,79,0,0,0,0,29,100,97,0,0,47,98,7,0,1,0,2,0,44,0,0,98,5,1,0,0,15,1,1
743,78,0,0,0,0,0,22,72,100,94,0,98,0,0,0,0,14,10,42,12,0,0,0,90,0,0,36,8,0,1,0
744,0,96,33,1,6,0,0,-58,100,0,100,0,100,0,7,0,0,0,0,0,81,1,0,99,26,31,0,0,0,0,1
745,0,100,1,1,0,1,0,-61,66,0,99,0,100,0,0,9,0,0,0,0,0,0,0,98,23,1,0,0,0,0,1
746,0,87,97,1,2,0,1,-100,100,0,100,0,92,7,93,0,0,0,0,0,100,0,0,99,2,100,0,0,0,0,1
747,0,29,56,1,70,0,0,-54,71,1,1,0,100,48,25,0,1,12,0,0,0,0,0,94,69,0,0,0,15,1,1
748,0,3,98,99,30,0,0,-65,82,0,0,0,74,99,1,0,0,0,0,0,22,86,0,92,62,11,0,0,6,0,1
749,0,99,100,1,2,0,1,-100,100,0,100,11,100,99,97,99,1,0,0,0,99,0,0,97,2,100,0,0,0,0,1
750,100,0,0,0,0,0,1,86,100,100,35,0,4,2,1,0,1,0,0,0,30,0,0,98,0,6,0,0,1,0,1
751,0,97,83,1,0,0,0,-23,100,1,100,2,75,40,0,1,0,1,0,0,12,0,0,99,18,5,0,0,100,0,1
752,92,0,0,0,0,0,61,95,100,88,0,84,0,0,0,0,0,0,0,1,99,0,0,96,0,0,2,0,20,8,0
753,0,91,99,1,7,0,0,-100,100,0,22,0,100,78,23,100,4,0,0,0,23,0,0,98,2,41,0,0,0,0,1
754,0,4,0,0,0,0,1,-14,1,0,78,0,0,0,0,0,0,35,3,2,0,0,0,97,0,0,22,0,0,0,0
755,0,0,0,0,0,0,0,0,0,0,0,0,0,0,0,0,0,0,0,0,0,0,0,21,0,0,0,0,0,0,1
756,100,0,18,0,0,0,15,38,100,100,0,0,0,73,0,32,0,0,0,0,100,0,0,83,27,100,0,0,1,0,0
757,99,0,0,0,0,0,27,48,100,100,1,52,0,1,96,0,0,0,0,0,72,0,0,98,0,12,0,58,0,0,0
758,98,0,22,0,0,0,0,47,100,91,1,0,2,98,0,0,0,0,0,0,9,0,0,98,0,0,0,0,62,1,1
759,34,0,0,0,0,0,1,45,92,67,20,20,1,1,0,0,25,1,13,0,2,1,0,71,7,2,5,0,0,1,1
760,100,0,0,0,0,0,11,92,100,100,0,15,0,1,13,0,0,0,0,0,96,0,0,52,1,51,4,0,95,29,0
761,100,0,0,0,0,0,0,81,100,100,31,5,0,1,16,0,0,0,0,1,2,0,0,97,0,0,0,0,0,0,1
762,0,0,0,0,0,0,1,0,0,0,1,18,0,0,0,0,1,0,0,0,0,0,0,98,0,0,0,1,0,0,0
763,99,0,0,0,0,0,3,78,100,100,13,25,0,0,0,0,0,0,2,55,15,0,0,95,2,1,27,94,100,1,0
764,0,0,1,0,0,2,29,0,32,0,0,88,0,0,0,0,0,0,2,0,1,1,0,96,0,1,5,91,7,4,0
765,98,0,2,0,0,0,89,32,100,100,1,96,0,20,98,0,0,0,14,1,100,0,0,97,0,4,0,97,0,12,0
766,0,0,2,0,0,0,98,-18,99,0,93,76,0,0,0,0,0,4,0,0,94,0,0,96,0,100,0,6,0,0,0
767,100,0,0,0,0,0,1,47,100,100,31,1,1,1,32,0,2,0,78,0,15,0,0,98,1,6,26,0,3,0,1
768,0,0,14,0,0,0,1,0,87,0,0,0,1,4,5,0,0,1,0,0,58,1,2,40,1,8,0,0,0,0,1
769,0,0,0,0,0,0,0,0,0,0,0,0,13,0,0,0,0,1,0,0,0,0,0,92,0,2,0,0,0,0,0
770,1,0,98,0,0,0,0,0,98,47,1,0,34,94,66,0,0,47,0,0,61,1,0,98,71,1,0,0,79,0,1
771,0,5,0,0,3,0,0,0,74,25,0,0,100,0,0,0,0,0,1,0,15,1,0,91,4,1,0,0,0,0,1
772,93,0,0,0,0,0,1,57,98,79,0,3,0,1,38,0,0,0,0,0,35,0,0,59,0,1,0,84,0,0,1
773,0,0,0,0,0,0,76,-25,94,0,11,100,0,0,0,28,0,0,0,38,0,1,0,97,0,91,7,35,0,0,0
774,0,0,0,99,1,0,2,-22,81,0,1,21,6,0,0,0,1,2,0,100,1,99,0,36,0,49,7,46,0,0,0
775,100,0,31,0,0,0,2,44,100,97,0,0,0,98,3,0,0,0,0,0,91,0,0,98,1,2,0,0,3,0,1
776,0,99,0,1,50,1,0,-100,99,0,95,0,100,0,0,0,73,0,0,65,0,0,0,97,17,0,39,0,0,1,1
777,0,0,2,0,0,0,5,0,45,15,33,0,0,0,0,0,0,0,0,4,97,0,0,97,0,13,1,0,0,0,0
778,100,0,0,0,0,0,22,66,100,100,70,2,5,3,14,0,3,0,0,0,97,0,0,98,0,68,0,0,0,0,1
779,10,0,60,0,1,0,0,12,100,87,0,0,99,83,1,0,1,0,1,0,48,6,0,97,36,0,0,0,5,1,1
780,0,86,2,99,3,0,0,-42,100,0,63,0,100,0,0,0,0,99,0,0,46,91,0,97,1,67,13,0,0,3,1
781,0,14,0,1,5,0,0,-17,45,0,0,0,90,0,0,0,0,0,0,1,7,0,0,97,1,96,0,0,0,0,0
782,15,0,74,0,18,0,0,20,100,89,1,0,100,89,0,0,0,0,1,0,59,1,0,99,100,2,0,0,98,1,1
783,100,0,0,0,0,0,2,97,100,99,0,0,0,1,2,0,3,0,2,0,94,0,0,52,0,4,0,0,94,1,1
784,0,100,100,1,20,0,0,-58,100,0,100,0,100,60,77,42,0,0,0,0,9,0,0,99,99,3,0,0,91,0,1
785,100,0,0,0,0,0,3,64,100,100,0,7,0,0,0,0,0,0,11,100,97,0,28,69,1,0,92,0,0,74,0
786,0,1,79,0,2,0,0,-1,69,21,1,1,74,66,0,7,18,0,0,0,37,0,0,95,17,1,0,0,79,0,0
787,0,0,0,0,0,0,1,0,1,0,0,27,0,0,1,0,2,0,0,0,0,0,0,99,0,0,0,0,0,0,0
788,0,11,0,1,100,0,0,-100,100,0,0,0,95,0,0,100,100,0,100,100,0,1,0,96,5,0,100,0,0,100,1
789,100,0,0,0,0,0,6,90,100,100,12,18,0,8,3,0,0,1,2,0,60,0,0,98,0,8,0,61,0,0,0
790,0,0,0,0,0,0,1,-7,0,0,48,0,0,0,0,0,0,0,13,1,0,0,0,97,0,0,14,0,0,2,0
791,100,0,75,0,0,0,16,33,100,100,53,0,0,94,0,0,0,0,0,0,100,0,0,98,19,52,0,0,100,0,0
792,0,0,0,0,0,0,0,-53,50,0,2,2,0,0,0,0,1,86,98,97,0,0,0,54,1,0,97,0,0,1,0
793,93,0,0,0,0,0,10,92,100,98,4,78,0,0,0,0,0,0,13,1,0,0,0,96,0,0,10,1,0,2,0
794,0,30,0,1,8,0,0,-20,51,0,0,0,100,0,0,0,0,1,0,0,0,0,0,65,1,0,0,0,0,0,0
795,54,0,0,0,0,0,0,61,91,66,0,0,0,0,6,0,0,89,0,0,13,0,0,83,0,0,0,0,0,0,0
796,98,0,0,0,0,0,1,85,100,99,0,38,0,20,0,0,2,0,9,2,0,0,0,92,0,0,73,0,82,98,1
797,0,0,1,95,0,1,1,2,2,8,0,5,0,0,0,0,0,0,0,0,42,92,0,95,0,3,1,62,0,2,0
798,34,0,6,0,4,0,0,24,100,94,0,0,99,72,0,0,0,0,0,0,73,0,0,92,67,2,0,0,0,1,1
799,99,0,0,0,0,0,0,94,100,99,0,3,0,0,3,0,0,2,8,1,0,0,0,97,0,0,1,2,0,0,0
800,100,0,0,0,0,0,0,81,100,100,31,5,0,1,16,0,0,0,0,1,2,0,0,97,0,0,0,0,0,0,1
801,0,4,9,0,0,0,9,-100,89,0,58,0,29,0,31,100,2,0,0,0,100,0,0,90,0,100,0,0,0,0,1
802,0,0,0,0,0,0,0,0,0,0,0,0,0,0,0,0,0,0,0,0,0,0,0,98,0,0,0,0,0,0,1
803,100,0,0,0,0,0,17,94,100,100,8,2,0,1,5,0,0,6,0,0,93,0,0,98,0,64,0,77,0,0,0
804,0,2,0,1,0,0,0,-5,5,0,0,0,58,0,0,0,0,0,0,0,0,0,0,95,0,7,0,0,0,0,0
805,0,9,98,4,83,0,0,-74,96,2,2,0,100,96,2,0,0,0,0,0,43,12,2,97,57,0,7,0,0,5,1
806,0,0,4,99,0,8,81,-53,96,0,91,99,1,0,0,45,0,0,0,0,0,99,0,91,4,0,0,100,1,0,0
807,0,100,0,1,0,0,0,-77,88,0,100,0,100,0,0,28,0,0,1,0,1,0,0,96,9,0,0,0,0,0,1
808,0,30,0,1,83,0,0,-20,50,0,0,0,100,0,0,0,0,0,0,0,0,0,0,98,82,1,0,0,0,0,0
809,12,0,0,0,2,0,0,62,100,94,2,0,100,0,0,0,1,0,8,0,6,4,1,91,91,0,23,0,11,87,1
810,0,0,1,0,0,0,0,0,0,0,1,0,5,0,0,0,0,2,0,0,9,0,0,96,0,18,0,0,0,0,0
811,0,0,2,0,0,0,11,0,28,0,0,0,0,0,0,0,0,1,0,0,87,0,0,96,0,98,0,0,0,0,0
812,0,0,0,0,0,0,0,0,1,0,0,21,6,2,0,0,2,0,1,11,4,1,0,68,0,0,3,0,0,2,0
813,0,0,0,0,1,0,0,-63,48,0,1,0,0,0,0,0,31,4,98,98,0,1,0,89,0,0,100,0,0,1,0
814,0,0,1,0,2,0,0,30,100,55,4,0,98,0,0,0,1,0,2,0,75,23,0,87,4,1,0,0,27,44,1
815,0,49,97,1,32,0,0,-100,100,0,34,5,99,39,12,81,0,0,0,0,99,0,0,99,4,94,0,0,1,0,1
816,0,12,9,1,24,0,0,-35,100,15,1,0,99,11,0,0,72,0,4,2,0,3,0,92,26,0,2,0,0,2,1
817,0,0,0,0,0,0,0,0,0,0,0,1,0,0,0,0,0,0,0,0,0,0,0,98,1,1,0,0,0,0,0
818,0,84,100,1,65,0,0,-46,100,0,39,0,100,98,4,0,1,0,0,0,4,0,14,98,93,0,0,0,100,0,1
819,0,65,100,2,98,0,0,-98,100,1,36,0,100,97,13,99,1,17,0,0,99,6,0,98,94,43,0,0,1,0,1
820,0,100,9,1,0,1,0,-55,100,0,99,0,98,0,1,0,4,0,0,0,0,0,0,92,0,0,3,0,0,0,1
821,1,0,0,0,0,0,0,38,95,70,0,0,95,0,0,0,0,0,0,0,28,0,0,92,2,3,0,0,1,1,1
822,99,0,0,0,0,0,46,96,100,100,0,55,0,0,5,0,1,2,0,1,92,0,0,96,0,3,2,100,0,0,0
823,100,0,0,0,0,0,4,96,100,100,0,3,0,3,4,0,0,0,1,0,71,0,100,97,0,54,0,1,49,1,0
824,0,100,0,1,0,0,0,-53,46,0,100,7,97,0,0,0,0,1,0,0,0,0,0,87,0,1,0,0,0,0,0
825,0,39,46,0,18,0,0,-56,100,34,42,0,100,51,0,0,99,0,0,6,1,1,0,99,100,1,2,0,7,0,1
826,0,0,0,0,0,0,0,0,50,4,0,0,0,0,0,0,3,100,3,0,1,0,0,85,0,0,16,0,0,0,0
827,97,0,0,0,0,0,92,97,100,100,1,93,0,0,0,0,0,0,7,0,68,0,0,99,0,67,0,100,1,0,0
828,100,0,0,0,0,0,6,58,100,100,2,24,0,1,75,0,3,0,0,0,52,0,0,98,0,10,0,70,6,0,0
829,0,3,0,0,0,0,0,-74,27,0,35,0,9,0,0,77,23,0,0,10,0,0,0,70,0,0,1,0,0,0,1
830,0,99,1,1,1,0,0,-65,96,0,99,1,99,1,0,13,0,7,0,0,46,0,0,97,6,67,0,0,0,0,1
831,0,50,0,1,5,0,0,-24,50,0,12,0,100,0,0,0,0,0,0,0,0,0,0,89,1,1,0,0,0,0,0
832,99,0,0,0,0,0,18,92,100,100,1,51,0,0,0,9,1,0,0,0,71,0,0,98,0,0,0,42,0,0,0
833,0,0,0,0,0,0,0,0,1,0,1,1,0,0,0,0,0,29,0,0,0,0,0,98,0,0,0,0,0,0,0
834,0,90,1,40,0,0,0,-40,14,0,83,0,68,0,0,1,0,1,7,0,0,43,0,98,2,0,75,0,0,2,1
835,0,0,1,0,0,0,5,0,4,5,0,20,0,0,19,0,0,2,0,0,34,0,0,96,0,74,0,3,0,0,0
836,0,0,0,0,0,0,0,0,0,5,0,0,0,0,0,0,0,20,0,1,0,4,0,85,0,0,1,0,0,0,0
837,0,6,100,2,99,0,0,-89,99,0,1,0,100,99,21,0,1,0,0,0,60,5,0,88,97,2,0,0,0,0,1
838,0,0,66,0,65,0,0,-13,99,52,0,0,100,90,2,0,0,0,2,0,66,0,0,98,89,0,14,0,0,15,1
839,55,0,0,0,0,0,0,6,93,68,13,0,0,0,0,0,0,0,83,93,1,23,0,99,0,0,100,0,0,67,0
840,100,0,0,0,0,0,0,96,100,100,10,0,0,0,0,0,0,0,0,1,3,0,0,95,0,0,0,0,0,0,0
841,0,98,0,1,1,0,0,-48,54,0,77,0,98,0,0,0,0,0,4,0,0,0,0,97,0,0,2,0,0,0,1
842,0,0,3,0,0,0,16,-32,53,0,0,2,0,0,0,59,0,1,0,0,100,0,0,96,0,100,0,0,0,0,0
843,0,0,0,0,0,8,71,-5,52,0,56,100,0,0,0,1,0,0,0,0,0,0,0,92,0,2,0,100,0,0,0
844,4,0,95,0,1,0,0,17,100,76,2,0,99,94,1,0,0,0,0,0,91,1,0,98,3,1,0,0,57,0,1
845,0,0,0,0,0,0,0,0,0,0,1,9,0,0,0,0,0,0,0,0,0,0,0,97,0,0,0,0,0,0,0
846,99,0,0,0,0,0,1,74,100,89,0,0,0,0,0,0,19,0,33,0,35,5,0,92,0,5,0,0,5,45,0
847,0,33,1,99,31,0,0,-26,75,0,2,0,100,0,0,0,15,2,0,0,0,82,0,97,35,0,0,0,0,0,1
848,0,87,100,1,15,0,0,-91,100,0,77,0,100,100,100,18,100,0,0,0,84,0,0,98,16,99,0,0,19,0,1
849,98,0,0,0,0,0,97,79,100,100,23,100,0,25,0,0,1,0,1,0,100,0,0,92,0,93,0,1,76,4,0
850,0,0,0,0,0,0,0,0,0,0,0,1,0,0,0,0,0,0,1,0,0,0,0,98,0,0,2,0,0,0,0
851,0,0,0,0,0,0,0,-10,1,0,0,4,0,0,0,31,0,1,0,0,0,0,0,97,0,2,0,1,0,0,0
852,95,0,0,0,0,0,69,100,100,98,0,96,0,0,0,0,0,0,1,0,49,0,0,99,0,0,0,99,11,0,0
853,98,0,0,0,0,0,98,85,100,100,0,100,0,0,27,0,0,0,0,0,96,0,0,95,0,87,0,88,0,0,0
854,0,98,100,1,0,0,0,-99,100,0,96,0,80,96,100,100,0,0,0,0,73,0,0,98,0,97,0,0,1,0,1
855,0,0,0,0,0,0,0,0,12,14,0,0,0,0,0,0,0,0,71,0,0,0,0,98,0,0,5,9,0,0,0
856,0,0,9,0,0,0,0,-93,83,0,0,0,0,23,27,99,0,52,0,0,0,0,0,95,0,1,0,0,1,0,1
857,0,0,0,0,0,0,0,-21,4,0,24,0,0,0,0,0,0,6,27,53,0,1,0,96,0,0,71,0,0,0,0
858,0,0,0,0,0,0,0,4,0,10,1,0,0,0,0,0,0,0,0,0,0,3,0,98,0,0,0,0,0,0,0
859,96,0,0,0,0,0,0,41,100,89,0,17,0,11,0,0,78,5,50,2,1,0,0,41,0,1,64,0,0,28,0
860,0,0,0,0,0,0,0,-56,30,0,0,1,0,0,0,87,0,3,0,0,0,0,0,96,0,1,0,0,0,0,0
861,0,92,34,1,4,0,0,-81,100,0,100,1,100,28,13,2,0,0,0,3,100,0,0,97,3,45,0,0,0,0,1
862,0,4,1,0,0,0,3,-30,17,0,99,15,1,2,0,0,1,0,63,0,0,2,0,78,0,0,3,0,28,0,1
863,0,0,2,0,0,0,10,0,50,0,0,3,0,0,0,1,0,0,0,0,97,0,0,91,0,73,0,1,4,0,0
864,0,73,100,1,8,0,0,-98,100,0,78,0,99,90,31,1,0,0,0,0,100,0,0,89,2,39,0,0,5,0,1
865,0,27,100,1,94,0,0,-76,100,0,4,0,100,96,0,0,0,9,0,0,13,0,47,98,100,1,0,0,1,0,1
866,0,0,0,0,0,4,50,0,50,0,13,100,0,0,0,0,0,0,0,0,0,0,0,89,0,0,0,100,1,0,0
867,0,0,3,0,0,0,96,0,100,0,2,97,0,0,0,1,0,1,0,0,100,0,0,72,0,100,0,0,0,0,0
868,60,0,3,0,0,0,0,72,95,70,0,0,26,34,3,0,1,0,0,0,81,0,0,98,12,1,0,0,96,0,1
869,0,0,5,0,0,0,0,0,99,37,0,0,58,25,0,0,46,0,8,0,0,0,0,93,9,1,2,0,0,2,1
870,0,92,67,1,8,0,0,-87,100,0,100,0,100,0,62,0,0,7,0,0,100,0,0,97,17,100,0,0,5,0,1
871,100,0,0,0,0,0,3,22,100,100,80,1,0,26,0,0,0,0,56,65,38,0,0,97,1,0,16,0,100,100,0
872,100,0,0,0,0,0,35,61,100,100,0,52,0,3,50,0,27,0,6,0,99,0,0,98,0,10,1,34,81,6,0
873,98,0,41,0,0,0,91,26,100,100,1,99,0,35,98,0,1,0,10,0,100,0,0,97,0,4,0,100,21,30,0
874,0,0,2,0,0,4,39,0,52,0,0,100,3,0,0,0,0,0,0,0,1,0,0,54,0,0,0,100,0,0,0
875,0,0,39,0,0,0,0,-96,94,0,1,0,1,39,37,99,1,39,0,0,0,0,0,95,0,0,0,0,9,0,1
876,100,0,0,0,0,0,1,88,100,99,0,1,0,0,0,0,32,0,2,0,52,1,3,89,0,2,3,1,27,0,0
877,0,0,0,0,0,0,0,0,1,0,0,0,22,0,0,1,0,10,0,0,0,0,0,83,0,1,0,0,0,0,0
878,0,1,2,1,0,0,0,-6,8,0,0,1,54,2,4,0,1,2,1,0,13,0,0,48,2,0,0,0,4,0,1
879,99,0,0,0,0,0,1,90,100,100,22,25,0,0,3,0,1,0,1,1,11,0,0,98,0,0,0,0,0,5,1
880,0,0,0,0,0,0,6,0,33,0,0,70,0,0,0,0,21,0,5,6,3,0,0,87,0,0,17,0,0,2,0
881,0,0,0,0,0,0,1,0,1,0,0,29,0,0,0,0,0,0,0,0,0,0,0,97,0,0,0,14,0,0,0
882,0,0,3,0,0,0,35,-49,74,0,0,15,0,0,0,80,0,0,0,0,99,0,0,99,0,100,0,40,3,0,0
883,0,0,0,0,0,0,0,-35,50,0,19,0,0,0,0,0,90,100,0,36,0,0,0,65,0,4,22,0,0,0,0
884,24,0,0,0,0,0,0,33,100,98,2,0,100,2,0,0,6,0,97,3,19,1,0,96,13,0,21,0,7,85,1
885,100,0,85,0,0,0,23,42,100,100,20,5,0,96,2,0,0,0,0,0,100,0,0,96,3,96,0,0,100,7,0
886,0,0,0,1,0,0,0,-34,50,0,3,0,0,0,0,0,2,0,38,100,0,18,0,97,0,0,67,0,0,51,0
887,0,5,0,0,0,0,0,-71,35,0,43,0,6,0,0,86,0,0,0,0,0,0,0,98,0,0,0,0,0,0,0
888,0,0,2,3,0,0,3,-9,59,0,0,5,0,0,0,0,62,100,8,0,97,26,0,97,0,0,2,2,0,0,0
889,29,0,0,0,0,0,0,50,83,61,0,0,0,0,10,0,0,1,11,0,0,0,0,96,0,0,6,3,0,0,0
890,11,0,0,0,0,0,0,49,99,85,11,0,91,4,1,0,4,0,0,0,52,2,0,97,2,2,0,0,2,0,1
891,0,100,45,1,0,1,0,-23,100,0,100,0,100,22,0,0,0,3,0,0,1,0,0,98,4,3,0,0,96,0,1
892,0,15,6,0,0,0,59,-94,100,0,100,90,0,1,0,91,1,0,0,0,3,1,0,98,6,4,0,0,0,0,1
893,0,3,100,2,99,0,0,-97,100,0,0,0,100,100,55,0,0,38,1,0,78,4,96,91,98,0,0,0,7,0,1
894,25,0,3,0,1,0,0,0,100,99,0,2,100,100,0,0,38,0,89,62,8,0,0,99,88,0,37,0,2,94,1
895,0,0,2,0,0,0,2,-23,4,3,0,1,0,1,5,50,0,0,5,0,23,2,99,97,0,86,1,0,7,0,0
896,0,0,0,0,0,0,0,0,0,0,0,2,0,0,0,0,1,0,0,0,0,0,0,99,0,0,0,0,0,0,0
897,0,0,0,0,0,0,0,0,0,0,0,0,0,0,0,0,0,0,0,0,0,0,0,4,0,0,0,0,0,0,0
898,0,39,15,1,86,0,0,-46,54,0,7,0,100,41,0,0,1,0,0,0,2,1,1,94,91,1,0,0,0,0,1
899,0,1,23,1,6,0,0,-14,99,0,0,0,74,6,0,0,0,0,0,1,51,0,100,99,6,0,94,0,0,6,1
900,0,0,3,99,0,0,97,0,100,0,24,100,0,0,0,0,0,97,0,0,100,100,0,94,0,83,0,0,6,0,1
901,0,0,2,0,0,0,11,0,47,0,0,0,1,0,0,1,0,0,0,0,97,0,0,90,0,92,0,0,0,0,0
902,100,0,0,0,0,0,1,57,100,100,12,0,0,13,0,0,3,0,31,68,20,0,0,75,31,29,3,0,100,89,0
903,100,0,6,0,0,0,0,53,100,100,0,0,2,63,6,0,21,94,8,0,3,0,0,60,63,10,0,0,5,0,0
904,19,0,63,0,2,0,0,14,100,97,2,0,100,100,0,0,0,0,0,0,5,0,0,91,99,0,0,0,100,0,1
905,0,50,100,1,54,0,0,-60,100,0,61,0,100,100,99,0,3,0,0,0,98,0,0,97,39,88,0,0,87,0,1
906,0,0,0,62,0,0,0,-64,49,0,13,0,0,0,0,0,29,0,88,100,0,64,0,99,0,0,100,0,0,86,0
907,0,0,0,0,0,0,0,0,1,0,1,15,0,0,0,0,0,11,24,1,0,0,0,72,0,1,59,0,0,0,0
908,0,0,0,0,0,12,80,0,50,0,82,100,0,0,0,0,0,0,0,0,0,0,0,99,0,0,0,100,62,0,0
909,0,0,99,0,1,0,0,-51,98,5,7,26,40,98,1,0,0,0,0,0,57,2,0,98,50,9,0,0,3,0,1
910,0,0,18,0,0,0,3,33,100,6,0,0,0,0,2,0,0,0,7,0,57,2,0,96,0,72,0,0,85,0,0
911,100,0,3,0,0,0,3,31,100,100,0,0,0,29,100,0,0,0,0,0,100,0,0,95,0,5,0,0,1,0,0
912,0,0,0,0,0,0,0,0,0,0,0,0,0,0,0,0,0,0,0,0,0,0,0,21,0,0,0,0,0,0,0
913,0,0,28,0,0,0,0,-88,94,0,2,0,1,44,13,94,0,48,0,0,0,0,0,96,0,0,0,0,15,0,1
914,98,0,0,0,0,0,3,59,100,100,21,44,0,0,0,0,7,0,2,98,3,0,0,94,0,0,1,0,20,88,0
915,0,0,97,0,1,0,0,-9,98,18,1,0,18,97,7,0,0,0,0,0,55,10,0,97,83,0,0,0,49,0,1
916,0,0,0,0,5,0,0,-63,47,0,2,0,0,0,0,0,98,0,34,95,0,0,0,99,0,0,7,0,3,0,0
917,0,4,0,1,98,1,0,-84,100,0,0,0,100,0,0,0,43,0,46,100,0,0,0,98,75,0,100,0,1,98,1
918,100,0,90,0,0,0,14,45,100,100,2,0,0,100,3,0,0,0,0,0,100,0,0,98,30,94,0,0,100,81,0
919,0,0,94,0,58,0,0,-31,100,60,0,0,100,96,0,0,6,0,100,11,57,1,0,97,99,0,99,0,0,99,1
920,0,7,0,0,0,0,1,-15,0,0,86,2,0,0,0,0,0,0,0,0,0,0,0,94,0,0,0,0,0,0,0
921,100,0,0,0,0,0,1,77,100,100,43,2,0,14,0,0,0,0,0,6,39,0,0,96,0,4,0,0,100,0,0
922,0,35,0,1,11,0,0,-32,89,0,10,0,100,0,0,0,0,29,28,0,0,0,0,98,16,0,1,0,1,1,1
923,0,0,0,0,0,0,0,0,0,0,0,0,0,0,0,0,0,0,0,0,0,0,0,19,0,0,0,0,0,0,0
924,100,0,25,0,0,0,6,15,100,100,9,3,0,97,0,0,93,13,0,0,100,0,0,87,6,34,0,0,100,7,0
925,0,0,0,0,0,13,85,-20,54,0,99,100,0,0,0,0,0,0,2,0,0,0,0,97,0,0,6,98,0,0,0
926,0,0,0,0,0,0,0,0,0,0,0,2,1,0,1,0,1,0,0,0,1,0,0,99,0,1,0,0,0,0,0
927,0,14,100,1,95,0,0,-77,100,0,0,0,99,100,0,0,0,11,0,0,27,2,84,96,91,2,0,0,0,0,1
928,38,0,73,0,4,0,0,4,100,100,1,0,100,100,3,0,28,0,1,0,33,0,0,95,99,0,0,0,100,79,1
929,58,0,85,0,14,0,0,12,100,100,7,0,100,100,2,0,0,0,0,0,78,0,0,95,100,0,0,0,100,0,1
930,0,0,3,4,0,0,81,-18,88,0,95,27,0,0,0,0,0,0,0,0,100,28,0,98,0,96,0,0,0,1,0
931,100,0,85,0,0,0,15,17,100,100,7,3,2,97,0,0,90,1,0,2,100,0,0,82,15,94,0,0,100,4,0
932,100,0,0,0,0,0,3,46,100,100,8,5,0,0,0,0,31,1,36,97,88,0,0,70,0,2,53,0,2,1,0
933,100,0,0,0,0,0,26,59,100,100,45,0,0,49,1,0,1,0,0,0,100,0,0,99,23,90,0,0,0,0,0
934,100,0,0,0,0,0,55,73,100,100,78,10,0,3,0,0,0,0,0,0,100,0,0,97,0,93,0,0,95,33,0
935,0,64,1,1,76,0,0,-32,60,0,19,0,100,2,0,6,0,4,0,0,0,0,99,98,89,59,0,0,0,0,1
936,0,0,1,0,0,0,1,0,16,3,0,4,1,0,0,0,0,0,0,1,73,0,0,98,0,1,0,0,0,0,0
937,0,0,1,0,0,0,29,21,60,0,28,100,3,0,0,6,0,3,0,0,0,0,0,99,0,0,1,0,98,1,0
938,0,0,0,0,0,1,55,4,74,25,0,100,0,0,29,0,0,4,1,0,15,0,0,97,0,4,0,99,0,0,0
939,0,0,41,0,0,0,40,22,100,1,0,28,0,1,1,4,0,0,0,0,98,0,0,91,0,99,0,0,73,0,0
940,0,34,0,1,7,0,0,-23,55,0,2,1,100,0,0,1,3,0,0,0,0,1,0,97,2,1,0,0,0,0,1
941,100,0,1,0,0,0,2,41,100,99,0,0,1,10,100,0,0,0,0,0,100,0,0,95,0,1,0,0,1,0,0
942,100,0,0,0,0,0,0,65,100,100,0,0,0,1,0,0,95,10,0,13,7,0,0,89,0,0,27,1,98,100,0
943,100,0,0,0,0,0,1,99,100,100,0,5,0,0,1,0,0,0,0,0,48,0,2,78,0,2,0,2,45,3,0
944,0,0,55,0,0,0,33,-52,67,0,36,10,2,4,84,4,0,4,0,0,100,0,0,51,0,99,0,0,1,0,1
945,100,0,0,0,0,0,6,74,100,100,46,0,0,21,0,0,0,0,0,0,100,0,0,99,0,1,0,0,0,0,0
946,99,0,99,0,0,0,73,0,100,100,1,77,2,90,99,0,1,0,1,16,100,0,8,97,0,4,0,94,100,100,0
947,0,0,0,56,0,0,0,-45,44,0,3,2,0,0,0,0,0,0,95,75,0,61,0,99,0,1,100,0,0,10,0
948,0,0,0,0,0,0,16,-13,85,0,1,90,0,0,0,34,0,16,1,0,0,0,0,95,0,0,0,8,0,0,0
949,45,0,78,0,6,0,0,10,100,100,6,0,100,100,3,0,4,0,1,0,48,0,0,94,100,0,0,0,100,3,1
950,26,0,70,0,2,0,0,8,100,99,2,0,100,100,10,0,4,0,0,0,7,0,0,93,99,0,0,0,100,4,1
951,0,27,2,13,13,0,0,-20,51,3,0,0,100,7,0,0,0,0,0,0,0,25,0,97,17,0,0,0,0,0,1
952,0,0,0,0,0,0,0,-3,0,0,9,0,0,0,0,17,0,0,1,0,0,1,0,96,0,0,0,0,0,0,0
953,26,0,0,0,0,0,22,0,100,80,0,100,0,0,0,0,100,1,100,87,1,1,0,47,0,0,99,0,0,7,0
954,0,86,7,1,5,0,0,-61,100,0,91,0,100,6,13,0,0,21,0,0,100,0,0,80,0,100,0,0,0,0,1
955,100,0,0,0,0,0,12,50,100,100,2,36,0,1,92,0,0,0,0,0,61,0,0,98,0,10,0,72,1,0,0
956,0,0,100,0,0,0,62,-99,100,1,96,6,0,99,100,0,0,0,0,0,100,0,0,96,0,100,0,0,1,0,1
957,0,86,12,1,25,0,0,-37,100,0,45,0,100,1,1,0,1,4,1,0,10,0,0,57,60,2,29,0,0,2,1
958,100,0,0,0,0,0,11,90,100,100,1,2,0,9,0,0,9,9,2,4,100,0,0,90,0,79,4,0,90,78,0
959,0,0,1,0,0,0,0,48,56,30,0,1,14,1,1,0,1,0,9,0,20,2,10,52,1,0,1,0,73,1,1
960,100,0,0,0,0,0,1,42,100,100,5,0,0,8,1,0,55,12,94,13,39,0,22,99,0,0,50,0,99,85,1
961,100,0,0,0,0,0,0,85,100,100,18,0,0,18,0,0,0,0,0,0,15,0,0,99,1,1,0,0,96,0,0
962,0,100,1,1,0,1,0,-54,48,0,100,0,98,0,0,0,0,0,0,0,0,0,0,94,0,2,1,0,0,0,1
963,0,31,65,0,0,0,0,-100,99,0,38,0,43,62,1,100,9,0,0,0,23,0,0,95,0,29,0,0,0,0,1
964,0,0,4,0,0,0,16,0,48,0,0,8,2,0,14,0,0,0,0,0,91,3,0,65,0,99,0,4,0,0,1
965,68,2,0,0,0,0,0,31,100,98,89,2,67,26,3,1,6,58,0,0,0,0,0,94,9,0,0,0,0,0,1
966,99,0,0,0,0,0,0,66,100,98,4,0,0,0,0,0,0,0,6,91,0,0,0,95,1,0,63,0,0,5,0
967,0,0,0,0,0,0,0,-16,1,0,0,0,0,0,0,38,0,9,0,0,2,0,0,82,0,6,0,0,0,0,0
968,0,99,1,1,0,0,0,-50,30,0,100,0,85,0,1,0,3,0,1,0,0,0,0,95,0,1,0,0,0,0,1
969,0,86,3,1,1,0,0,-100,98,0,67,0,84,1,15,71,0,2,0,0,71,0,0,98,0,2,0,0,0,0,1
970,0,0,0,0,0,1,0,-4,1,1,0,3,0,0,0,0,16,13,5,37,1,1,0,87,0,0,100,39,0,60,0
971,0,0,0,0,0,0,0,0,13,10,0,1,0,0,0,0,0,0,72,0,0,0,0,99,0,0,2,2,0,0,0
972,0,100,3,1,0,0,0,-96,97,0,93,0,99,17,4,40,0,49,0,0,5,0,0,99,13,8,0,0,0,0,1
973,0,0,0,2,0,0,0,0,1,4,0,0,0,0,0,0,3,26,15,0,2,23,0,76,0,0,2,0,0,1,1
974,0,0,0,0,0,0,0,-26,6,0,22,0,0,0,0,0,62,50,0,35,0,0,0,85,0,0,35,0,0,0,0
975,0,0,0,0,0,0,18,0,40,0,1,93,0,0,0,0,0,0,1,0,0,0,0,96,0,0,2,10,0,0,0
976,0,0,0,0,0,0,0,0,0,0,0,0,0,0,0,0,0,0,0,0,0,0,0,12,0,0,0,0,0,0,0
977,100,0,0,0,0,0,33,96,100,100,0,15,0,0,0,0,0,0,11,0,99,0,0,94,0,65,0,100,0,0,0
978,100,0,0,0,0,0,0,51,100,100,1,0,0,0,0,0,0,0,97,56,1,0,0,88,0,0,91,0,1,89,0
979,0,0,0,0,0,0,0,0,0,0,0,2,0,0,2,0,0,8,1,0,0,0,3,96,0,1,1,0,0,0,0
980,0,0,2,0,0,0,4,0,6,0,0,0,0,0,3,0,0,0,1,0,60,0,0,87,0,82,1,0,0,0,0
981,0,28,99,0,0,0,0,-48,100,46,91,2,99,100,3,0,0,0,0,0,89,2,0,96,12,4,0,0,0,1,1
982,0,0,1,0,0,2,48,0,61,0,4,100,0,0,0,0,0,0,0,0,6,1,0,89,0,0,0,94,0,0,0
983,0,3,9,1,4,0,0,-5,100,18,0,0,78,12,0,4,10,0,0,1,2,17,0,89,45,0,0,0,2,0,1
984,0,1,0,0,0,0,0,-70,71,0,0,0,13,0,0,99,0,1,0,0,0,0,0,89,0,0,0,1,0,0,0
985,100,0,0,0,0,0,1,91,100,100,9,0,0,11,0,0,0,0,1,0,64,0,0,94,1,1,0,0,75,0,0
986,99,0,0,0,0,0,1,71,100,100,2,28,0,53,0,0,0,0,2,0,20,0,0,98,0,0,57,0,97,25,0
987,0,0,0,0,0,0,0,0,0,3,0,1,0,0,0,0,0,0,18,0,0,0,0,41,0,0,30,0,0,15,1
988,0,0,0,77,0,0,1,-24,50,12,9,0,0,0,0,0,9,0,100,37,29,79,0,91,0,5,100,0,0,98,0
989,0,79,55,1,73,0,0,-100,93,0,39,0,100,53,0,30,33,0,0,0,36,0,0,98,78,0,0,0,0,0,0
990,18,0,0,0,0,1,1,55,77,59,1,5,0,0,0,0,1,1,0,1,0,0,0,99,0,0,0,92,0,0,0
991,0,100,0,1,3,0,0,-100,100,0,67,1,100,1,0,99,2,0,0,0,0,0,0,64,39,0,0,0,0,0,1
992,0,0,100,0,80,0,0,0,100,63,5,0,100,100,100,8,0,0,0,0,100,0,0,95,99,72,0,0,100,0,1
993,0,0,0,0,0,0,0,0,0,0,0,0,0,0,0,0,0,0,0,0,1,0,0,98,0,0,0,0,0,0,0
994,99,0,0,0,0,0,1,61,100,99,7,30,2,2,1,0,71,96,35,0,4,0,0,97,1,5,1,0,0,0,1
995,100,0,0,0,0,0,17,70,100,99,60,1,0,0,0,0,0,0,0,32,100,1,0,97,0,46,0,0,1,0,0
996,0,5,0,0,0,0,7,-100,97,0,73,50,5,0,0,100,2,4,59,6,1,0,0,94,0,0,10,0,0,0,1
997,0,0,0,98,0,0,13,-50,87,0,69,60,0,0,0,0,0,0,67,53,0,95,0,98,0,0,98,0,0,55,0
998,0,0,0,0,0,0,0,-26,45,0,0,0,0,0,0,2,63,97,44,7,0,0,0,98,0,0,75,0,0,0,0
999,0,0,0,0,0,1,0,-5,1,0,0,18,12,0,0,19,0,0,0,0,0,0,0,95,0,4,0,64,0,0,0
1000,0,0,98,0,0,0,0,-14,98,38,4,28,51,100,2,0,0,0,0,0,30,0,0,68,50,13,0,0,11,0,1
1001,5,0,1,0,0,2,5,7,25,42,5,4,0,0,58,0,0,78,0,0,63,0,0,98,0,26,0,100,0,0,0
1002,0,0,1,0,0,0,0,0,2,0,0,0,0,0,0,0,0,2,0,3,1,5,0,99,3,0,0,0,0,0,0
1003,39,0,74,0,4,0,0,3,100,100,5,0,100,100,4,0,27,0,0,0,35,0,0,96,100,0,0,0,100,10,1
1004,0,47,99,1,4,0,0,-100,50,0,15,0,97,94,53,0,0,0,0,0,3,0,0,96,3,0,0,0,1,0,1
1005,0,10,100,6,20,0,0,-90,100,0,0,0,97,94,30,0,1,94,1,0,33,16,1,97,5,22,0,0,0,0,1
1006,0,2,0,0,0,0,0,-11,1,0,27,0,33,0,0,6,0,0,0,0,0,0,0,97,0,0,0,0,0,0,0
1007,0,100,0,1,1,0,0,-100,100,0,76,0,98,0,0,98,0,0,0,0,1,0,0,95,1,11,0,0,0,0,1
1008,0,0,0,0,0,0,0,0,0,0,0,0,0,0,0,0,0,0,0,0,0,0,0,35,0,0,0,0,0,0,0
1009,0,0,29,0,0,0,0,-33,95,0,0,0,0,45,12,4,34,97,0,0,0,0,0,95,0,0,0,0,0,0,0
1010,90,0,0,0,0,0,60,40,100,100,86,98,0,0,0,0,0,0,100,4,1,0,0,98,0,0,48,0,0,82,0
1011,0,22,3,1,85,0,0,-33,65,5,0,0,100,25,0,0,9,0,2,1,3,0,10,93,89,0,48,0,0,2,1
1012,26,0,2,0,0,0,0,51,100,88,0,0,79,44,1,0,0,40,0,0,30,1,0,98,4,1,0,0,27,0,1
1013,0,0,0,0,0,0,0,-18,36,0,0,2,0,0,0,1,90,86,2,0,0,0,0,97,0,0,55,0,0,0,0
1014,0,1,0,0,0,0,1,-11,0,0,61,0,0,0,0,3,1,0,2,1,0,0,0,87,0,0,8,0,0,2,1
1015,99,0,0,0,0,0,0,95,100,93,0,2,0,0,0,0,3,0,1,0,18,0,1,83,0,5,0,2,11,0,0
1016,100,0,0,0,0,0,26,94,100,100,15,21,0,2,0,0,0,10,0,0,57,0,0,98,0,72,0,98,0,0,0
1017,0,0,0,0,0,0,0,0,0,0,0,0,0,0,0,0,0,0,0,0,0,0,0,17,0,0,0,0,0,0,1
1018,100,0,20,0,0,0,7,24,100,100,1,24,0,47,76,0,0,0,32,0,100,0,0,97,0,0,0,0,3,86,0
1019,91,0,0,0,0,0,27,54,100,100,18,97,0,0,0,0,7,0,23,95,1,0,0,85,1,0,36,0,40,1,0
1020,90,0,100,0,2,0,0,0,100,100,0,7,74,100,100,0,1,0,0,0,99,0,0,98,91,57,0,0,100,0,1
1021,100,0,0,0,0,0,8,97,100,100,4,17,0,1,0,0,4,0,0,0,100,0,0,91,0,21,0,0,98,0,0
1022,0,0,0,2,0,0,0,-39,58,12,0,12,0,0,0,11,78,0,92,0,0,29,0,97,0,0,51,0,0,8,0
1023,0,100,1,1,0,1,0,-54,51,0,100,0,99,0,0,0,0,0,2,0,0,0,0,95,0,1,0,0,0,0,1
1024,100,0,0,0,0,0,1,69,100,100,2,2,0,3,1,0,75,4,5,10,2,0,0,99,0,0,2,76,34,0,0
1025,0,0,0,0,0,0,33,0,47,0,1,97,0,0,0,0,0,0,1,0,0,0,0,96,0,0,0,66,0,0,0
1026,0,100,1,1,0,1,0,-54,48,0,99,0,98,0,0,0,0,0,1,0,0,0,0,93,0,1,0,0,0,0,1
1027,0,1,1,1,1,0,0,-18,96,0,2,0,57,0,0,0,0,0,0,36,2,1,18,98,11,0,92,0,0,31,1
1028,58,0,0,0,1,0,0,66,100,99,1,0,99,1,0,0,0,0,0,0,85,0,0,91,35,2,0,0,0,22,0
1029,0,99,5,1,0,1,0,-63,94,0,95,0,99,2,0,0,0,5,28,1,1,0,0,98,2,1,0,0,0,7,1
1030,100,0,0,0,0,0,29,90,100,100,21,9,0,4,0,0,0,0,3,0,100,0,0,87,0,100,1,0,80,94,0
1031,0,0,0,0,0,0,0,0,0,0,0,1,0,0,0,0,0,0,1,0,0,0,0,52,0,0,30,1,0,5,1
1032,7,0,0,0,0,0,0,-13,77,55,0,19,0,1,0,0,98,0,96,98,0,4,0,87,0,0,48,0,22,5,0
1033,100,0,1,0,0,0,3,39,100,98,0,1,0,11,100,0,0,0,0,0,100,0,0,96,0,3,0,0,0,0,0
1034,0,0,0,0,0,0,0,0,0,0,8,1,0,0,0,0,0,1,0,0,1,0,0,97,0,0,0,0,0,0,0
1035,26,3,15,0,0,0,0,0,100,100,98,18,100,70,0,0,2,0,43,1,38,0,0,98,95,0,3,0,100,3,1
1036,25,0,0,0,0,0,10,65,97,74,20,73,0,0,0,0,4,0,0,1,0,0,0,95,0,0,0,0,0,0,1
1037,0,2,100,1,99,0,0,-91,100,8,1,0,100,95,71,0,0,0,0,0,85,7,0,98,99,1,1,0,1,1,1
1038,0,97,0,1,25,1,0,-100,100,0,100,0,100,13,0,0,51,0,77,62,0,0,0,97,7,0,20,0,0,2,1
1039,98,0,62,0,0,0,91,20,100,100,1,99,0,50,99,0,0,0,2,0,100,0,0,97,0,9,0,99,32,34,0
1040,100,0,0,0,0,0,2,92,100,100,0,0,1,13,1,0,0,0,0,0,94,0,1,99,0,1,0,0,54,0,1
1041,72,0,98,0,0,0,1,9,100,70,0,0,20,99,1,0,0,0,0,0,98,0,0,98,1,1,0,0,1,0,1
1042,0,1,0,82,0,0,2,-26,71,0,75,15,0,0,0,0,0,98,43,0,1,73,0,96,0,3,58,3,0,1,0
1043,100,0,0,0,0,0,6,98,100,100,0,1,0,0,4,0,0,34,0,0,94,0,0,98,0,52,0,0,11,0,0
1044,0,100,1,1,0,1,0,-54,51,0,99,0,100,0,0,0,0,0,1,0,0,0,0,95,1,1,1,0,0,0,1
1045,0,100,10,1,18,1,0,-53,100,0,97,0,100,0,0,0,0,1,0,0,2,0,0,98,99,1,0,0,0,0,1
1046,0,0,0,0,0,0,0,0,0,0,0,0,0,0,0,0,0,0,0,0,0,0,0,32,0,0,0,0,0,0,1
1047,0,0,0,0,0,0,1,0,2,0,1,40,1,1,0,0,0,1,4,0,1,0,0,96,0,1,1,0,0,0,1
1048,100,0,0,0,0,0,4,88,100,100,1,27,0,0,2,0,0,0,23,11,63,0,0,96,0,1,1,8,100,0,0
1049,0,2,100,0,0,0,1,-79,100,12,46,0,3,99,8,99,0,0,0,0,23,1,0,96,0,3,0,0,16,0,1
1050,0,3,5,1,0,0,0,-5,97,1,6,0,62,0,0,0,0,0,3,0,1,0,33,68,2,0,2,0,9,0,1
1051,0,4,100,0,0,0,21,-98,99,1,97,2,27,66,98,0,7,0,0,0,100,0,0,99,1,99,0,0,1,0,1
1052,0,93,1,1,6,0,0,-100,100,0,89,0,85,7,1,100,63,0,0,39,97,0,0,97,3,3,0,0,0,0,1
1053,100,0,0,0,0,0,2,99,100,100,1,3,0,1,0,0,0,0,0,0,82,0,0,98,0,0,0,0,23,100,0
1054,100,0,0,0,0,0,10,93,100,100,2,29,0,6,6,0,0,0,1,0,64,0,0,97,0,2,0,96,0,0,0
1055,0,6,4,1,15,0,0,-29,94,1,0,4,96,0,0,0,24,0,0,13,39,0,97,98,2,0,7,0,2,2,1
1056,0,31,4,1,8,0,0,-20,92,0,0,0,100,0,0,0,0,1,0,0,0,0,0,44,2,0,0,0,0,0,0
1057,99,0,0,0,0,0,70,36,100,100,0,79,0,1,74,0,69,0,7,0,96,0,0,99,0,17,2,39,80,4,0
1058,1,0,1,0,0,0,0,35,100,78,0,0,95,23,0,0,0,0,4,0,5,4,0,98,17,0,0,0,3,2,1
1059,99,0,0,0,0,0,2,72,100,100,2,29,0,0,0,0,0,0,13,73,8,0,0,96,0,1,14,90,100,2,0
1060,0,0,35,0,0,0,10,0,83,0,1,1,0,36,0,29,0,0,0,0,86,0,17,98,0,94,0,0,100,0,0
1061,0,100,1,1,0,0,0,-100,100,0,93,0,97,4,0,100,0,0,0,0,0,0,0,98,0,4,1,0,0,0,1
1062,77,0,0,0,0,0,39,23,100,94,0,100,0,0,0,0,94,1,35,98,0,0,0,68,0,0,82,82,3,3,0
1063,99,0,0,0,0,0,96,64,100,100,98,63,0,4,0,0,0,0,8,0,100,0,0,99,1,99,9,0,70,87,0
1064,0,0,0,0,0,0,0,0,0,0,1,0,0,0,0,0,0,0,0,0,0,0,100,94,0,0,0,0,0,0,0
1065,0,91,10,1,12,0,0,-54,100,0,98,0,100,0,0,0,0,0,0,0,100,0,0,94,26,100,0,0,0,0,1
1066,68,0,0,0,1,0,0,64,100,100,3,0,99,3,5,0,0,7,0,0,100,0,0,90,17,20,0,0,4,0,1
1067,0,0,0,0,0,0,0,0,0,1,0,5,0,0,0,0,4,16,2,0,1,3,0,88,0,0,90,0,0,56,0
1068,0,0,100,0,0,0,75,-100,100,0,22,48,0,96,65,24,0,0,0,0,100,0,0,69,0,100,0,0,0,0,1
1069,0,0,3,0,0,0,32,-87,52,0,51,1,1,1,4,100,1,0,0,0,100,0,0,88,0,100,0,0,0,0,1
1070,0,0,0,0,0,0,0,-16,23,0,1,5,0,0,0,0,0,0,10,78,0,1,0,87,0,0,97,0,0,93,0
1071,0,0,5,0,0,0,2,0,2,4,0,45,0,26,8,1,1,0,0,0,1,1,0,97,0,2,0,0,13,0,0
1072,94,0,0,0,0,0,1,60,98,78,1,0,4,5,20,0,1,0,6,0,61,1,0,97,0,3,0,0,1,8,1
1073,100,0,0,0,0,0,0,97,100,100,1,0,0,0,0,0,0,0,0,8,1,0,0,98,0,0,0,0,0,0,0
1074,37,0,1,0,0,0,47,0,99,67,0,72,0,0,89,35,0,93,0,0,99,0,0,72,0,3,0,0,0,0,0
1075,0,0,0,0,0,0,2,0,5,5,0,49,0,0,0,0,10,0,4,7,0,0,0,96,0,0,1,3,0,4,0
1076,0,0,60,1,0,0,0,-21,28,0,0,0,4,60,0,0,0,0,0,0,27,9,0,44,2,2,0,0,0,0,1
1077,0,2,100,1,99,0,0,-77,100,1,0,0,100,100,2,0,0,0,0,0,98,0,99,98,88,5,0,0,0,0,1
1078,100,0,1,0,0,0,3,38,100,100,0,0,0,17,100,0,0,0,0,0,100,0,0,95,0,5,0,0,1,0,0
1079,0,0,0,1,0,0,0,0,0,0,0,1,0,0,0,1,0,0,1,2,0,15,0,98,0,0,0,0,0,0,0
1080,99,0,0,0,0,0,2,65,100,100,71,13,0,0,21,0,2,0,0,1,1,0,0,95,0,1,0,1,0,0,1
1081,96,0,0,0,0,0,7,18,97,75,0,0,0,0,0,0,0,0,80,95,100,1,0,98,0,56,68,0,0,2,0
1082,100,0,0,0,0,0,33,76,100,100,61,0,0,7,0,0,0,0,0,0,100,0,0,99,27,90,0,0,0,0,0
1083,0,0,0,0,0,5,10,0,7,0,0,61,0,0,0,0,0,0,2,0,0,2,0,99,0,1,8,92,0,1,0
1084,100,0,0,0,0,0,0,95,100,99,0,2,0,1,1,0,10,2,0,0,1,0,0,86,0,0,0,25,0,1,0
1085,0,1,3,0,0,0,96,-56,99,0,99,66,7,1,0,42,1,1,0,0,100,0,0,94,2,100,0,0,0,0,1
1086,0,0,9,0,0,0,15,-6,46,0,1,1,0,0,35,0,0,14,0,0,97,0,0,96,0,100,0,1,0,0,0
1087,0,0,0,0,0,0,0,-20,10,0,34,1,0,0,0,0,0,0,0,68,0,0,0,95,0,0,42,0,0,0,0
1088,27,0,0,0,1,0,0,41,100,100,2,0,100,31,0,0,26,0,4,0,6,0,0,95,76,0,12,0,100,73,1
1089,99,0,0,0,0,0,1,34,100,100,63,0,7,1,68,0,0,0,22,0,15,0,0,95,1,6,2,0,2,0,1
1090,0,0,98,0,0,0,0,-100,100,0,0,0,0,84,37,100,33,1,0,0,1,0,0,83,0,1,0,0,0,0,1
1091,0,0,2,0,0,0,2,0,19,0,0,2,1,0,0,0,0,31,0,0,78,0,0,95,0,17,0,0,0,0,0
1092,0,30,100,1,5,0,0,-98,49,0,5,0,96,99,81,0,1,0,0,0,1,0,0,96,1,0,0,0,3,0,1
1093,0,0,0,0,0,0,0,0,0,0,1,1,0,0,0,0,2,0,0,0,0,0,0,98,0,0,0,0,0,0,0
1094,0,4,100,1,99,0,0,-80,99,0,0,0,100,100,6,0,0,0,0,0,73,0,99,97,93,4,0,0,0,0,1
1095,0,0,0,0,0,0,0,0,0,0,0,0,0,0,0,0,0,0,0,0,0,0,0,34,0,0,0,0,0,0,0
1096,99,0,0,0,0,0,0,34,100,96,11,1,0,0,0,0,1,0,90,94,0,1,0,98,0,0,96,0,0,68,0
1097,0,36,95,1,57,0,0,-100,93,0,1,0,100,88,4,37,0,0,1,0,21,0,0,97,43,0,0,0,0,0,1
1098,0,83,93,6,5,0,0,-77,100,1,88,1,100,45,5,0,0,1,0,0,100,16,0,99,0,42,0,0,0,0,1
1099,0,100,0,1,1,0,0,-100,100,0,82,0,98,0,0,88,5,0,0,17,0,0,0,81,1,0,0,0,0,0,1
1100,5,0,0,0,0,0,0,45,87,64,0,0,42,5,0,0,0,0,0,0,19,2,0,97,0,5,0,0,0,0,1
1101,0,0,2,0,0,0,99,-19,100,0,97,98,0,0,0,0,0,0,0,1,100,0,0,97,0,91,0,0,0,0,0
1102,100,0,0,0,0,0,2,84,100,100,14,1,0,2,21,0,0,2,0,0,75,0,0,97,0,3,0,1,1,0,0
1103,1,0,0,2,0,0,0,-4,35,39,3,0,2,0,0,0,61,0,90,29,3,50,0,69,1,1,61,0,0,21,1
1104,0,0,0,0,0,0,0,-11,4,0,2,16,0,0,0,0,0,0,34,38,0,6,0,72,0,0,47,0,0,3,0
1105,100,0,63,0,0,0,2,26,100,100,4,0,1,88,0,0,74,0,0,8,100,0,0,87,17,0,0,0,100,95,0
1106,98,0,0,0,0,0,98,82,100,100,39,100,0,9,0,0,0,0,2,0,100,0,0,80,0,97,0,2,84,34,0
1107,0,0,0,0,0,0,0,0,0,0,0,0,0,0,0,0,0,0,0,0,0,0,0,34,0,0,0,0,0,0,0
1108,1,0,0,0,1,0,0,-32,100,36,0,0,2,0,0,0,100,0,57,96,0,12,0,87,2,0,89,0,0,96,1
1109,98,0,0,0,0,0,0,90,100,93,0,9,0,0,0,0,5,0,3,1,8,0,0,79,0,1,0,27,0,0,0
1110,0,11,92,1,96,0,0,-61,92,2,1,0,100,75,0,0,0,0,0,0,34,0,25,94,95,0,0,0,0,0,1
1111,0,0,100,0,93,0,0,-17,100,47,0,0,100,100,44,0,0,0,2,0,100,6,11,99,99,8,0,0,64,10,1
1112,99,0,0,0,0,0,1,93,100,94,1,10,0,0,0,0,0,1,0,1,0,0,0,98,0,0,0,97,0,0,0
1113,100,0,0,0,0,0,2,80,100,100,0,1,0,0,37,0,1,0,0,0,82,0,0,85,0,4,0,0,0,7,0
1114,0,7,1,1,1,0,0,-2,18,0,0,0,75,0,0,4,1,0,2,0,0,0,78,68,2,4,18,0,31,1,1
1115,14,0,87,0,2,0,0,0,100,95,7,0,100,100,28,0,2,0,0,0,7,0,0,96,100,0,0,0,100,14,1
1116,0,0,0,0,0,0,10,0,14,2,0,70,0,0,0,0,1,0,5,3,1,0,0,93,0,0,43,51,0,69,0
1117,0,0,0,0,0,0,1,0,0,0,0,20,0,0,0,0,1,4,0,0,0,0,0,94,0,0,1,46,0,0,0
1118,0,99,11,1,1,0,0,-62,99,0,88,0,100,5,0,0,11,2,13,0,1,0,0,93,16,15,0,0,0,1,1
1119,0,6,0,0,0,0,0,-67,43,0,34,0,20,0,0,76,0,2,6,0,0,0,0,97,0,0,41,0,0,0,0
1120,0,81,93,1,1,0,0,-86,100,12,99,3,98,43,75,0,0,0,0,0,100,6,0,96,4,100,0,0,0,0,1
1121,0,93,38,2,64,0,0,-50,100,0,98,0,100,0,1,0,0,0,0,0,95,2,0,98,80,14,0,0,8,0,1
1122,0,0,0,0,0,0,0,0,0,0,1,0,0,0,0,0,0,0,9,0,0,0,0,94,0,1,0,0,0,0,0
1123,100,0,18,0,0,0,13,45,100,100,4,4,0,90,11,0,0,0,0,0,97,0,0,94,1,82,0,0,14,0,0
1124,0,0,0,0,0,0,0,-55,59,0,0,5,0,0,0,100,0,0,0,0,0,0,100,97,0,2,0,0,24,0,0
1125,100,0,6,0,0,0,2,28,100,100,0,0,1,35,100,0,0,0,0,0,100,0,0,95,0,2,0,0,2,0,0
1126,0,0,2,0,0,0,1,-7,20,0,2,79,39,8,2,2,0,0,0,0,1,0,0,99,7,1,0,0,0,0,1
1127,0,19,1,0,0,0,1,-21,4,0,94,0,8,1,0,0,0,0,0,0,0,1,0,93,0,0,0,0,0,0,1
1128,0,35,3,1,13,0,0,-21,80,0,3,0,100,0,0,0,0,19,2,0,0,0,0,96,15,0,0,0,0,0,1
1129,100,0,0,0,0,0,3,100,100,100,0,0,0,0,1,0,0,0,0,0,98,0,0,96,0,9,0,0,97,11,0
1130,100,0,0,0,0,0,1,93,100,100,8,1,4,0,0,0,5,0,3,2,65,0,0,76,2,1,4,2,1,10,1
1131,0,0,1,0,0,0,0,0,0,0,1,0,0,2,0,12,5,0,0,0,2,0,0,87,0,0,0,0,0,0,0
1132,0,19,93,1,93,0,0,-63,76,1,0,0,100,79,0,0,0,0,0,0,16,0,4,96,94,0,1,0,0,0,1
1133,0,0,98,62,59,0,0,-17,98,26,1,0,77,100,19,0,0,0,0,0,56,69,0,98,95,3,0,0,72,0,1
1134,0,0,0,0,0,22,2,0,2,0,0,29,0,0,0,0,15,0,0,0,0,0,0,96,0,2,0,97,0,0,0
1135,100,0,1,0,0,0,3,43,100,100,0,0,0,8,100,0,0,0,0,0,100,0,0,95,0,6,0,0,2,0,0
1136,0,76,14,100,79,3,0,-40,100,0,46,0,100,0,0,0,0,0,14,0,24,98,0,97,99,0,69,0,0,99,0
1137,0,3,18,1,9,0,0,-37,78,0,0,0,81,35,2,0,0,0,5,0,37,1,0,64,11,5,0,0,0,0,1
1138,0,100,1,1,0,1,0,-55,53,0,99,0,100,0,0,0,1,0,2,0,0,0,0,95,0,2,0,0,0,0,1
1139,0,99,9,38,12,8,0,-30,100,1,97,0,100,0,0,0,1,0,57,0,0,37,0,97,92,0,40,2,90,97,1
1140,95,0,68,0,0,0,0,14,100,100,0,1,63,100,10,0,0,0,0,23,99,0,0,99,38,4,1,0,0,0,1
1141,0,0,0,0,0,0,0,0,0,0,1,0,1,0,0,0,0,0,0,0,0,0,0,99,0,1,0,0,0,0,1
1142,99,0,0,0,0,0,7,99,100,98,0,29,0,0,0,0,0,0,0,2,45,1,0,98,0,1,0,100,4,0,0
1143,99,0,0,0,0,0,95,97,100,100,4,94,0,1,0,0,2,0,0,0,100,0,0,78,0,100,0,0,98,1,0
1144,99,0,0,0,0,0,23,88,100,89,1,20,0,0,0,0,0,5,0,0,80,0,0,97,0,50,0,100,0,0,0
1145,0,0,0,99,0,0,22,0,65,0,1,98,0,0,0,0,11,6,9,2,3,100,0,85,0,1,19,1,4,40,0
1146,1,0,0,0,0,0,0,0,61,39,0,0,11,0,0,0,21,0,6,95,0,8,0,56,2,0,18,0,2,30,1
1147,0,59,10,1,85,0,0,0,100,0,18,0,100,0,0,0,0,0,0,0,0,1,5,97,100,2,0,0,88,0,1
1148,0,0,0,0,0,0,0,30,0,0,0,1,0,0,0,0,0,0,0,0,0,0,0,99,0,0,6,11,83,7,0
1149,0,0,0,0,0,0,7,0,7,0,0,62,0,0,0,0,0,0,1,0,0,0,0,93,0,0,1,59,0,0,0
1150,100,0,0,0,0,0,0,93,100,100,10,1,0,6,0,0,1,0,0,0,1,0,0,93,5,0,0,0,95,1,0
1151,100,0,0,0,0,0,1,23,100,100,64,0,1,0,0,0,99,1,0,77,2,0,0,98,0,0,9,0,10,23,1
1152,99,0,0,0,0,0,71,67,100,100,0,75,0,1,56,0,2,0,7,1,99,0,3,94,0,0,3,91,8,65,0
1153,100,0,0,0,0,0,1,76,100,95,1,0,0,1,33,0,0,72,0,0,58,0,0,86,0,0,0,0,0,0,0
1154,0,0,0,0,0,0,0,0,0,0,0,0,0,0,0,0,0,0,0,0,0,0,0,21,0,0,0,0,0,0,0
1155,0,0,26,63,0,0,0,0,100,0,1,0,18,14,0,2,0,37,0,0,1,61,0,39,0,0,0,1,1,0,1
1156,0,0,0,0,0,0,0,-39,8,0,0,0,0,0,0,66,2,3,0,0,1,0,0,84,0,10,0,0,0,0,1
1157,0,32,100,1,92,0,0,-63,100,0,2,0,100,100,0,0,0,0,1,0,1,0,93,97,100,1,0,0,32,0,1
1158,0,91,0,7,17,1,0,-97,100,0,96,0,85,0,0,0,10,0,33,100,0,19,0,98,3,0,77,0,0,41,1
1159,33,0,99,0,2,0,0,0,100,100,17,0,100,100,100,0,100,0,0,0,22,0,0,95,100,8,0,0,100,10,1
1160,0,100,0,1,1,0,0,-100,100,0,80,0,100,0,0,98,0,0,0,0,0,0,0,96,6,4,0,0,0,0,1
1161,0,0,0,0,0,0,0,0,0,0,0,0,0,0,0,0,0,0,0,0,0,0,0,40,0,0,0,30,6,0,0
1162,0,0,0,0,0,0,1,-63,58,0,47,6,0,0,0,0,0,15,99,80,0,0,0,98,0,0,99,0,0,1,0
1163,0,16,11,0,0,0,21,-100,75,0,100,16,11,5,4,100,0,0,0,0,88,0,0,97,0,29,0,0,0,0,1
1164,0,99,3,1,3,0,0,-100,100,0,97,0,100,0,0,92,0,0,0,0,87,0,0,98,3,50,0,0,0,0,1
1165,0,98,99,1,31,0,0,-47,100,7,94,0,100,69,0,0,0,0,0,0,32,0,98,98,100,1,0,0,80,1,1
1166,0,0,0,0,0,0,0,0,0,0,0,1,0,0,0,0,2,0,1,0,1,0,0,98,0,0,5,0,0,1,0
1167,0,95,89,1,9,0,0,-99,100,1,72,0,99,56,17,96,2,0,0,0,100,0,0,97,0,95,0,0,0,0,1
1168,0,0,1,0,0,0,0,0,0,1,1,1,0,0,18,0,5,7,0,0,4,0,0,98,0,0,0,3,0,0,0
1169,0,86,100,1,51,0,0,-100,100,0,90,0,100,98,100,0,35,0,0,0,100,0,0,98,59,100,0,0,0,0,1
1170,0,0,0,0,0,0,0,10,2,22,0,1,0,0,0,0,22,19,1,0,4,8,0,86,0,0,73,6,0,57,0
1171,0,0,0,0,0,0,0,0,0,0,0,0,0,0,0,0,0,0,0,0,0,0,0,9,0,0,0,0,0,0,1
1172,0,11,0,0,0,0,0,-45,33,0,83,2,26,2,0,0,0,1,0,64,3,0,0,96,1,0,0,0,3,0,1
1173,0,2,100,1,99,0,0,-74,100,0,3,0,100,100,43,0,0,0,0,0,98,0,0,98,84,81,0,0,56,0,1
1174,0,24,0,1,6,0,0,-18,45,0,0,0,96,0,0,0,0,0,0,0,1,0,0,98,2,7,0,0,0,0,0
1175,0,0,0,0,0,0,0,0,0,0,0,0,0,0,0,0,0,0,0,0,0,0,0,26,0,0,0,0,0,0,0
1176,0,93,98,1,58,0,0,-34,100,0,52,0,100,69,0,0,0,2,0,0,0,0,51,97,100,0,0,0,95,1,1
1177,0,62,1,0,0,0,1,-100,73,0,84,2,14,6,1,100,77,0,16,0,0,0,0,96,0,0,0,0,0,0,1
1178,100,0,0,0,0,0,0,27,100,100,33,0,7,7,2,0,73,5,65,37,23,0,2,97,7,0,24,0,65,51,1
1179,100,0,0,0,0,0,1,56,100,100,17,2,0,1,1,0,51,16,62,5,54,0,2,99,0,0,12,0,72,78,1
1180,100,0,0,0,0,0,4,95,100,95,0,0,0,0,0,0,0,0,0,0,99,0,0,94,0,0,0,56,1,89,0
1181,17,0,93,0,0,0,0,0,100,90,2,3,89,100,31,0,97,13,0,1,30,1,0,97,44,3,0,0,100,6,1
1182,0,47,98,1,59,0,0,-86,82,1,22,0,100,99,5,0,0,0,0,0,21,0,0,97,62,1,0,0,0,0,1
1183,0,0,0,23,0,0,0,-54,51,0,8,3,0,0,0,0,2,98,96,94,0,48,0,97,0,11,100,0,0,10,0
1184,0,0,0,0,0,0,0,0,0,0,0,1,0,0,0,0,0,0,0,0,0,0,0,98,0,4,0,0,0,0,0
1185,0,2,0,0,0,0,1,-50,32,0,96,0,0,0,0,0,0,1,2,90,0,0,0,63,0,0,95,11,0,0,0
1186,100,0,4,0,0,0,3,40,100,100,0,0,0,13,100,0,0,0,0,0,100,0,0,95,0,6,0,0,81,0,0
1187,11,0,100,0,43,0,0,0,100,83,13,0,100,100,100,5,0,0,0,0,100,0,0,93,100,68,0,0,100,0,1
1188,100,0,55,0,0,0,14,31,100,100,9,0,0,86,0,0,52,2,1,13,100,0,0,88,49,89,0,0,100,66,0
1189,0,93,9,100,2,3,0,-31,100,0,51,0,100,0,0,0,0,0,0,0,0,99,0,94,12,0,87,0,14,98,1
1190,0,0,0,0,0,0,49,-17,52,0,81,92,0,0,0,0,0,0,9,2,0,0,0,98,0,0,86,0,0,0,0
1191,0,2,0,0,0,0,26,-26,15,0,100,74,17,0,0,0,0,1,0,0,0,0,0,89,0,1,0,49,0,0,0
1192,99,0,10,0,0,0,0,43,100,95,0,0,4,94,0,0,0,0,1,0,15,1,0,98,0,0,0,0,0,0,1
1193,0,1,0,0,0,0,1,-5,0,0,56,2,0,0,0,0,0,0,0,0,0,0,0,94,0,2,0,0,0,0,0
1194,0,1,100,0,92,0,0,-71,100,25,4,0,100,99,0,0,21,0,41,1,56,1,0,97,97,0,9,0,0,97,1
1195,0,0,0,0,0,0,0,0,0,0,1,0,4,0,0,0,0,0,0,0,0,0,0,96,1,1,2,0,0,0,0
1196,0,0,0,0,0,0,0,0,0,0,0,0,0,0,0,0,0,0,0,0,0,0,0,10,0,0,0,0,0,0,1
1197,0,0,0,0,0,0,0,-29,42,0,6,0,0,0,0,0,0,5,95,24,6,4,0,96,0,8,13,0,0,0,0
1198,0,99,8,99,6,1,0,-68,100,0,97,1,100,0,0,0,1,0,42,2,1,81,0,98,76,0,8,0,1,0,1
1199,98,0,23,0,0,0,91,16,100,100,0,98,0,51,99,0,0,0,11,1,100,0,0,97,0,8,0,99,92,25,0
1200,100,0,0,0,0,0,0,25,100,100,6,0,2,17,1,0,85,16,97,15,10,0,2,98,5,0,72,0,100,69,1
1201,0,5,0,0,0,0,68,-79,99,0,96,100,0,0,0,72,0,18,6,0,3,0,0,98,0,0,1,4,0,0,0
